SECTION,Factorial Results — mean and 95% CI per KPI
urgent_slots,strategy,rule,rule_name,n_batches,elAppWT_mean,elScanWT_mean,urScanWT_mean,OT_mean,OV_mean,elAppWT_hw,elScanWT_hw,urScanWT_hw,OT_hw,OV_hw,elAppWT_lower,elScanWT_lower,urScanWT_lower,OT_lower,OV_lower,elAppWT_upper,elScanWT_upper,urScanWT_upper,OT_upper,OV_upper
10,1,1,FCFS,58,14.222599,0.080576,3.356585,0.846148,0.457612,0.393707,0.000534,0.015020,0.013543,0.003064,13.828892,0.080042,3.341565,0.832605,0.454548,14.616306,0.081110,3.371605,0.859691,0.460676
10,1,2,Bailey-Welch,58,14.862311,0.170286,3.284647,0.796345,0.453427,0.392967,0.000918,0.014932,0.013520,0.003044,14.469344,0.169368,3.269715,0.782825,0.450382,15.255278,0.171204,3.299578,0.809865,0.456471
10,1,3,Blocking,58,14.843837,0.184076,3.394584,0.837573,0.465532,0.397159,0.000652,0.015081,0.013566,0.003103,14.446678,0.183424,3.379504,0.824007,0.462429,15.240997,0.184728,3.409665,0.851139,0.468635
10,1,4,Benchmarking,58,14.288109,0.081331,3.340623,0.836328,0.456229,0.394743,0.000541,0.015015,0.013535,0.003065,13.893366,0.080791,3.325608,0.822793,0.453164,14.682852,0.081872,3.355637,0.849864,0.459293
10,2,1,FCFS,58,13.778875,0.080659,2.948630,1.158049,0.409643,0.386783,0.000546,0.014058,0.013455,0.002959,13.392092,0.080113,2.934571,1.144594,0.406684,14.165657,0.081205,2.962688,1.171504,0.412601
10,2,2,Bailey-Welch,58,14.407250,0.187584,2.893934,1.110157,0.407306,0.392261,0.000882,0.014138,0.013508,0.002996,14.014989,0.186702,2.879795,1.096649,0.404309,14.799510,0.188466,2.908072,1.123666,0.410302
10,2,3,Blocking,58,14.397259,0.184028,2.948310,1.146772,0.413288,0.387217,0.000592,0.014087,0.013523,0.002967,14.010042,0.183436,2.934224,1.133249,0.410321,14.784476,0.184620,2.962397,1.160295,0.416255
10,2,4,Benchmarking,58,13.843217,0.082103,2.933510,1.146224,0.408346,0.389364,0.000529,0.014048,0.013451,0.002971,13.453853,0.081573,2.919462,1.132774,0.405375,14.232581,0.082632,2.947558,1.159675,0.411317
10,3,1,FCFS,58,13.578707,0.074325,3.124959,1.275130,0.428043,0.388975,0.000515,0.012802,0.012424,0.002924,13.189731,0.073810,3.112157,1.262705,0.425119,13.967682,0.074840,3.137761,1.287554,0.430968
10,3,2,Bailey-Welch,58,14.194255,0.150501,3.059907,1.213010,0.424479,0.391665,0.000801,0.012696,0.012520,0.002928,13.802590,0.149700,3.047211,1.200490,0.421551,14.585920,0.151303,3.072603,1.225529,0.427408
10,3,3,Blocking,58,14.133094,0.177127,3.112235,1.265249,0.429929,0.394166,0.000565,0.012881,0.012477,0.002964,13.738929,0.176563,3.099354,1.252772,0.426966,14.527260,0.177692,3.125115,1.277726,0.432893
10,3,4,Benchmarking,58,13.643310,0.075407,3.109958,1.263224,0.426761,0.391993,0.000512,0.012816,0.012457,0.002940,13.251316,0.074895,3.097142,1.250767,0.423821,14.035303,0.075919,3.122774,1.275682,0.429701
11,1,1,FCFS,58,15.407488,0.081224,3.224979,0.834463,0.450042,0.493017,0.000530,0.014514,0.013478,0.003526,14.914471,0.080693,3.210465,0.820986,0.446516,15.900505,0.081754,3.239493,0.847941,0.453568
11,1,2,Bailey-Welch,58,16.052276,0.171977,3.153325,0.784568,0.445919,0.493623,0.000930,0.014358,0.013466,0.003505,15.558653,0.171047,3.138967,0.771101,0.442413,16.545900,0.172907,3.167683,0.798034,0.449424
11,1,3,Blocking,58,15.990841,0.183926,3.250073,0.826434,0.456303,0.494897,0.000662,0.014420,0.013527,0.003537,15.495945,0.183264,3.235653,0.812907,0.452765,16.485738,0.184588,3.264493,0.839961,0.459840
11,1,4,Benchmarking,58,15.476204,0.081964,3.208844,0.824631,0.448658,0.495399,0.000532,0.014512,0.013454,0.003534,14.980805,0.081432,3.194332,0.811177,0.445124,15.971603,0.082496,3.223355,0.838084,0.452193
11,2,1,FCFS,58,14.952939,0.080413,2.816986,1.144246,0.402004,0.488500,0.000501,0.013601,0.013336,0.003420,14.464439,0.079912,2.803385,1.130910,0.398584,15.441438,0.080914,2.830587,1.157582,0.405424
11,2,2,Bailey-Welch,58,15.574564,0.185505,2.761713,1.095534,0.399563,0.492845,0.000861,0.013746,0.013412,0.003446,15.081719,0.184644,2.747967,1.082122,0.396117,16.067409,0.186367,2.775459,1.108946,0.403009
11,2,3,Blocking,58,15.558957,0.182809,2.836599,1.133772,0.407790,0.488537,0.000585,0.013577,0.013404,0.003427,15.070421,0.182224,2.823022,1.120368,0.404363,16.047494,0.183394,2.850176,1.147176,0.411218
11,2,4,Benchmarking,58,15.019853,0.081830,2.801763,1.132343,0.400711,0.491257,0.000494,0.013615,0.013288,0.003430,14.528596,0.081335,2.788148,1.119056,0.397280,15.511110,0.082324,2.815378,1.145631,0.404141
11,3,1,FCFS,58,14.776940,0.075129,2.962851,1.248335,0.417164,0.489036,0.000464,0.013696,0.012641,0.003502,14.287904,0.074665,2.949155,1.235695,0.413662,15.265975,0.075593,2.976546,1.260976,0.420665
11,3,2,Bailey-Welch,58,15.395352,0.156874,2.900558,1.188665,0.413923,0.491291,0.000802,0.013669,0.012673,0.003513,14.904061,0.156073,2.886889,1.175992,0.410410,15.886643,0.157676,2.914226,1.201337,0.417436
11,3,3,Blocking,58,15.334181,0.177381,2.950674,1.239205,0.419128,0.495107,0.000546,0.013771,0.012652,0.003546,14.839074,0.176834,2.936904,1.226554,0.415582,15.829288,0.177927,2.964445,1.251857,0.422673
11,3,4,Benchmarking,58,14.845363,0.076328,2.947744,1.236287,0.415892,0.492775,0.000470,0.013709,0.012603,0.003520,14.352589,0.075858,2.934036,1.223684,0.412372,15.338138,0.076798,2.961453,1.248890,0.419413
12,1,1,FCFS,58,17.053690,0.081655,3.110052,0.824297,0.447071,0.635979,0.000529,0.014247,0.013203,0.004354,16.417711,0.081126,3.095805,0.811094,0.442718,17.689669,0.082185,3.124299,0.837500,0.451425
12,1,2,Bailey-Welch,58,17.697309,0.173386,3.038037,0.773965,0.442901,0.637584,0.000865,0.014236,0.013319,0.004338,17.059725,0.172521,3.023801,0.760646,0.438563,18.334893,0.174252,3.052273,0.787284,0.447239
12,1,3,Blocking,58,17.620811,0.183520,3.124359,0.816741,0.452037,0.637530,0.000675,0.014194,0.013275,0.004360,16.983281,0.182845,3.110165,0.803466,0.447677,18.258340,0.184195,3.138553,0.830016,0.456397
12,1,4,Benchmarking,58,17.125425,0.082434,3.093834,0.814525,0.445696,0.638828,0.000523,0.014246,0.013214,0.004363,16.486597,0.081911,3.079587,0.801311,0.441334,17.764253,0.082957,3.108080,0.827739,0.450059
12,2,1,FCFS,58,16.563393,0.079862,2.699716,1.131243,0.398560,0.631216,0.000451,0.014093,0.013273,0.004402,15.932178,0.079411,2.685623,1.117970,0.394158,17.194609,0.080312,2.713808,1.144516,0.402962
12,2,2,Bailey-Welch,58,17.198743,0.182587,2.643856,1.081785,0.396135,0.633133,0.000771,0.014224,0.013447,0.004414,16.565610,0.181816,2.629632,1.068337,0.391721,17.831877,0.183359,2.658079,1.095232,0.400549
12,2,3,Blocking,58,17.165050,0.181397,2.738851,1.121661,0.406490,0.631042,0.000569,0.014108,0.013376,0.004398,16.534008,0.180828,2.724743,1.108285,0.402092,17.796092,0.181966,2.752959,1.135037,0.410888
12,2,4,Benchmarking,58,16.637238,0.081221,2.684440,1.119402,0.397302,0.633038,0.000450,0.014124,0.013285,0.004412,16.004199,0.080772,2.670316,1.106117,0.392890,17.270276,0.081671,2.698564,1.132687,0.401715
12,3,1,FCFS,58,16.427216,0.075729,2.805747,1.222059,0.409531,0.632000,0.000475,0.013348,0.012523,0.004310,15.795216,0.075254,2.792399,1.209535,0.405221,17.059216,0.076205,2.819095,1.234582,0.413840
12,3,2,Bailey-Welch,58,17.042439,0.163372,2.746386,1.165062,0.406597,0.633875,0.000766,0.013308,0.012657,0.004314,16.408564,0.162606,2.733077,1.152406,0.402283,17.676314,0.164137,2.759694,1.177719,0.410912
12,3,3,Blocking,58,16.976675,0.177704,2.794046,1.213499,0.411501,0.637472,0.000566,0.013435,0.012628,0.004344,16.339203,0.177139,2.780611,1.200871,0.407157,17.614146,0.178270,2.807480,1.226127,0.415845
12,3,4,Benchmarking,58,16.494969,0.077020,2.790672,1.210014,0.408259,0.634897,0.000482,0.013349,0.012533,0.004325,15.860072,0.076537,2.777323,1.197480,0.403934,17.129866,0.077502,2.804020,1.222547,0.412584
13,1,1,FCFS,58,19.288827,0.082235,2.980876,0.812847,0.446023,0.827559,0.000484,0.014191,0.013267,0.005450,18.461268,0.081751,2.966686,0.799579,0.440573,20.116386,0.082719,2.995067,0.826114,0.451473
13,1,2,Bailey-Welch,58,19.945325,0.174850,2.909275,0.762473,0.441975,0.829977,0.000835,0.014132,0.013321,0.005447,19.115348,0.174016,2.895142,0.749151,0.436528,20.775302,0.175685,2.923407,0.775794,0.447422
13,1,3,Blocking,58,19.832532,0.183068,2.983053,0.806044,0.449501,0.829383,0.000628,0.014301,0.013316,0.005469,19.003148,0.182441,2.968752,0.792728,0.444032,20.661915,0.183696,2.997353,0.819361,0.454970
13,1,4,Benchmarking,58,19.363168,0.083018,2.964487,0.803079,0.444644,0.832928,0.000481,0.014179,0.013256,0.005474,18.530240,0.082537,2.950308,0.789823,0.439170,20.196096,0.083498,2.978666,0.816335,0.450119
13,2,1,FCFS,58,18.787904,0.079227,2.573817,1.117760,0.397812,0.830484,0.000496,0.014181,0.013376,0.005580,17.957419,0.078731,2.559636,1.104384,0.392232,19.618388,0.079724,2.587998,1.131136,0.403393
13,2,2,Bailey-Welch,58,19.421195,0.179464,2.516855,1.067003,0.395253,0.827732,0.000800,0.014228,0.013456,0.005561,18.593463,0.178664,2.502627,1.053547,0.389692,20.248927,0.180264,2.531084,1.080458,0.400814
13,2,3,Blocking,58,19.380211,0.179813,2.633547,1.108841,0.407975,0.827298,0.000568,0.014207,0.013396,0.005558,18.552914,0.179246,2.619340,1.095445,0.402416,20.207509,0.180381,2.647754,1.122238,0.413533
13,2,4,Benchmarking,58,18.861614,0.080558,2.558363,1.105692,0.396534,0.833637,0.000489,0.014176,0.013382,0.005590,18.027977,0.080069,2.544188,1.092310,0.390944,19.695250,0.081047,2.572539,1.119074,0.402124
13,3,1,FCFS,58,18.670057,0.076580,2.642933,1.195273,0.404791,0.829350,0.000529,0.013350,0.012588,0.005356,17.840708,0.076050,2.629583,1.182685,0.399434,19.499407,0.077109,2.656283,1.207861,0.410147
13,3,2,Bailey-Welch,58,19.291136,0.170494,2.586201,1.140914,0.402184,0.827367,0.000852,0.013336,0.012661,0.005343,18.463768,0.169642,2.572865,1.128254,0.396841,20.118503,0.171345,2.599537,1.153575,0.407527
13,3,3,Blocking,58,19.225609,0.178020,2.631440,1.187440,0.406820,0.832179,0.000569,0.013398,0.012676,0.005368,18.393431,0.177451,2.618042,1.174764,0.401453,20.057788,0.178589,2.644837,1.200117,0.412188
13,3,4,Benchmarking,58,18.739925,0.077974,2.627831,1.183266,0.403528,0.832363,0.000521,0.013399,0.012636,0.005371,17.907562,0.077453,2.614432,1.170630,0.398157,19.572288,0.078495,2.641230,1.195902,0.408899
14,1,1,FCFS,58,22.574555,0.082578,2.851101,0.800763,0.451161,1.173395,0.000527,0.014141,0.013277,0.007382,21.401160,0.082051,2.836960,0.787485,0.443780,23.747950,0.083106,2.865242,0.814040,0.458543
14,1,2,Bailey-Welch,58,23.253309,0.176367,2.780040,0.750530,0.447306,1.179793,0.000807,0.014124,0.013319,0.007413,22.073516,0.175560,2.765916,0.737212,0.439892,24.433102,0.177174,2.794164,0.763849,0.454719
14,1,3,Blocking,58,23.138538,0.182215,2.839476,0.794245,0.453227,1.179731,0.000622,0.014171,0.013313,0.007422,21.958807,0.181593,2.825305,0.780932,0.445804,24.318269,0.182837,2.853646,0.807558,0.460649
14,1,4,Benchmarking,58,22.661690,0.083351,2.834610,0.791062,0.449848,1.183817,0.000525,0.014161,0.013281,0.007438,21.477874,0.082825,2.820449,0.777781,0.442409,23.845507,0.083876,2.848771,0.804343,0.457286
14,2,1,FCFS,58,22.071683,0.078367,2.448536,1.103977,0.403439,1.176759,0.000508,0.013798,0.013393,0.007443,20.894924,0.077859,2.434738,1.090584,0.395996,23.248441,0.078875,2.462334,1.117370,0.410881
14,2,2,Bailey-Welch,58,22.721240,0.175863,2.390659,1.052312,0.400874,1.176531,0.000811,0.013849,0.013443,0.007448,21.544709,0.175052,2.376809,1.038869,0.393426,23.897772,0.176675,2.404508,1.065755,0.408322
14,2,3,Blocking,58,22.668002,0.178095,2.529811,1.095671,0.416019,1.173002,0.000595,0.013727,0.013470,0.007424,21.494999,0.177499,2.516084,1.082201,0.408595,23.841004,0.178690,2.543538,1.109141,0.423442
14,2,4,Benchmarking,58,22.150453,0.079674,2.432833,1.091842,0.402163,1.184529,0.000507,0.013820,0.013408,0.007481,20.965924,0.079167,2.419013,1.078434,0.394682,23.334982,0.080181,2.446653,1.105250,0.409644
14,3,1,FCFS,58,21.944023,0.077028,2.482759,1.168549,0.406481,1.177591,0.000564,0.013094,0.012580,0.007349,20.766431,0.076464,2.469665,1.155968,0.399132,23.121614,0.077592,2.495853,1.181129,0.413830
14,3,2,Bailey-Welch,58,22.570114,0.177296,2.429683,1.117336,0.404311,1.174845,0.000914,0.013171,0.012610,0.007340,21.395269,0.176381,2.416512,1.104726,0.396971,23.744958,0.178210,2.442854,1.129946,0.411651
14,3,3,Blocking,58,22.498356,0.177944,2.471306,1.160651,0.408508,1.180701,0.000646,0.013164,0.012598,0.007364,21.317654,0.177298,2.458142,1.148053,0.401144,23.679057,0.178591,2.484470,1.173249,0.415873
14,3,4,Benchmarking,58,22.019382,0.078553,2.467608,1.156446,0.405246,1.183854,0.000567,0.013123,0.012591,0.007379,20.835528,0.077986,2.454485,1.143854,0.397867,23.203236,0.079121,2.480730,1.169037,0.412626
15,1,1,FCFS,58,28.046326,0.082938,2.703986,0.649870,0.467385,1.903934,0.000489,0.013517,0.011492,0.011559,26.142391,0.082449,2.690469,0.638379,0.455826,29.950260,0.083427,2.717503,0.661362,0.478945
15,1,2,Bailey-Welch,58,28.726496,0.177709,2.630473,0.598934,0.463266,1.913115,0.000890,0.013439,0.011643,0.011592,26.813381,0.176819,2.617034,0.587291,0.451674,30.639610,0.178599,2.643912,0.610577,0.474858
15,1,3,Blocking,58,28.663051,0.183794,2.691686,0.643497,0.469690,1.911644,0.000590,0.013574,0.011551,0.011595,26.751407,0.183204,2.678112,0.631947,0.458095,30.574694,0.184384,2.705259,0.655048,0.481284
15,1,4,Benchmarking,58,28.128843,0.083738,2.686772,0.639983,0.465964,1.917064,0.000499,0.013488,0.011508,0.011623,26.211778,0.083239,2.673284,0.628476,0.454341,30.045907,0.084237,2.700261,0.651491,0.477587
15,2,1,FCFS,58,27.367770,0.077458,2.313707,1.010560,0.419982,1.899572,0.000483,0.013211,0.012477,0.011564,25.468198,0.076976,2.300496,0.998083,0.408418,29.267342,0.077941,2.326918,1.023037,0.431546
15,2,2,Bailey-Welch,58,28.008759,0.173186,2.254069,0.958083,0.417171,1.896321,0.000699,0.013166,0.012530,0.011540,26.112438,0.172487,2.240903,0.945554,0.405631,29.905081,0.173885,2.267235,0.970613,0.428711
15,2,3,Blocking,58,27.997531,0.178612,2.395096,1.002089,0.432774,1.897526,0.000534,0.013195,0.012589,0.011578,26.100005,0.178078,2.381901,0.989500,0.421196,29.895057,0.179146,2.408292,1.014678,0.444352
15,2,4,Benchmarking,58,27.452498,0.078750,2.297470,0.998173,0.418682,1.913039,0.000488,0.013227,0.012492,0.011633,25.539459,0.078262,2.284243,0.985681,0.407049,29.365537,0.079238,2.310697,1.010664,0.430316
15,3,1,FCFS,58,27.342996,0.076661,2.262900,0.970717,0.414189,1.905066,0.000546,0.012555,0.011490,0.011516,25.437930,0.076115,2.250345,0.959227,0.402673,29.248061,0.077207,2.275455,0.982207,0.425705
15,3,2,Bailey-Welch,58,27.960521,0.178011,2.207394,0.918864,0.411698,1.903680,0.000836,0.012723,0.011638,0.011510,26.056841,0.177175,2.194671,0.907226,0.400187,29.864201,0.178846,2.220117,0.930501,0.423208
15,3,3,Blocking,58,27.913565,0.178781,2.250976,0.962792,0.416261,1.908916,0.000585,0.012657,0.011601,0.011538,26.004649,0.178196,2.238319,0.951191,0.404723,29.822481,0.179367,2.263633,0.974393,0.427799
15,3,4,Benchmarking,58,27.408560,0.078241,2.247007,0.958437,0.412814,1.914695,0.000543,0.012600,0.011524,0.011570,25.493865,0.077698,2.234407,0.946913,0.401244,29.323256,0.078784,2.259607,0.969961,0.424383
16,1,1,FCFS,58,36.878524,0.083413,2.562530,0.505919,0.504241,3.470209,0.000492,0.012665,0.009817,0.020628,33.408314,0.082922,2.549866,0.496102,0.483613,40.348733,0.083905,2.575195,0.515736,0.524869
16,1,2,Bailey-Welch,58,37.563845,0.179069,2.486735,0.454319,0.499898,3.476772,0.000858,0.012599,0.010016,0.020645,34.087073,0.178212,2.474136,0.444304,0.479253,41.040617,0.179927,2.499334,0.464335,0.520543
16,1,3,Blocking,58,37.510945,0.185274,2.549124,0.499182,0.506515,3.481294,0.000582,0.012680,0.009913,0.020673,34.029651,0.184692,2.536445,0.489269,0.485842,40.992238,0.185856,2.561804,0.509095,0.527188
16,1,4,Benchmarking,58,36.967669,0.084200,2.544745,0.496008,0.502795,3.488104,0.000499,0.012684,0.009837,0.020722,33.479566,0.083700,2.532061,0.486171,0.482073,40.455773,0.084699,2.557429,0.505844,0.523517
16,2,1,FCFS,58,36.209884,0.076733,2.176939,0.916271,0.457417,3.467729,0.000462,0.012758,0.012314,0.020559,32.742155,0.076271,2.164181,0.903957,0.436858,39.677613,0.077195,2.189697,0.928586,0.477976
16,2,2,Bailey-Welch,58,36.857277,0.170441,2.115751,0.863558,0.454472,3.465802,0.000725,0.012721,0.012418,0.020545,33.391475,0.169715,2.103030,0.851140,0.433927,40.323079,0.171166,2.128472,0.875975,0.475017
16,2,3,Blocking,58,36.836987,0.179068,2.257852,0.907364,0.470140,3.462029,0.000559,0.012528,0.012324,0.020547,33.374958,0.178509,2.245325,0.895041,0.449593,40.299016,0.179627,2.270380,0.919688,0.490687
16,2,4,Benchmarking,58,36.295189,0.078041,2.160393,0.903994,0.456086,3.485862,0.000477,0.012761,0.012311,0.020665,32.809327,0.077564,2.147633,0.891683,0.435421,39.781050,0.078519,2.173154,0.916305,0.476752
16,3,1,FCFS,58,36.167777,0.076673,2.047200,0.776232,0.442751,3.471147,0.000488,0.013028,0.011776,0.020649,32.696630,0.076186,2.034173,0.764455,0.422102,39.638924,0.077161,2.060228,0.788008,0.463400
16,3,2,Bailey-Welch,58,36.785650,0.178821,1.988967,0.723894,0.439959,3.465076,0.000853,0.013105,0.011927,0.020606,33.320575,0.177967,1.975862,0.711967,0.419353,40.250726,0.179674,2.002072,0.735822,0.460564
16,3,3,Blocking,58,36.745179,0.179870,2.034323,0.768019,0.444757,3.470903,0.000595,0.013073,0.011825,0.020643,33.274276,0.179275,2.021251,0.756193,0.424114,40.216082,0.180465,2.047396,0.779844,0.465400
16,3,4,Benchmarking,58,36.238954,0.078230,2.030546,0.764040,0.441324,3.481687,0.000492,0.013074,0.011802,0.020706,32.757267,0.077738,2.017471,0.752238,0.420618,39.720641,0.078722,2.043620,0.775841,0.462030
17,1,1,FCFS,58,56.888053,0.083704,2.534126,0.480211,0.620189,7.090344,0.000461,0.012270,0.010088,0.042058,49.797709,0.083243,2.521856,0.470123,0.578130,63.978397,0.084166,2.546396,0.490299,0.662247
17,1,2,Bailey-Welch,58,57.542490,0.180759,2.457676,0.432489,0.615590,7.080194,0.000869,0.012243,0.010074,0.041990,50.462296,0.179890,2.445432,0.422416,0.573600,64.622685,0.181628,2.469919,0.442563,0.657580
17,1,3,Blocking,58,57.529940,0.186709,2.520240,0.473649,0.622467,7.090741,0.000558,0.012352,0.010136,0.042053,50.439199,0.186151,2.507888,0.463513,0.580414,64.620681,0.187266,2.532593,0.483785,0.664519
17,1,4,Benchmarking,58,56.993274,0.084460,2.516044,0.470992,0.618806,7.097357,0.000457,0.012283,0.010075,0.042090,49.895917,0.084003,2.503761,0.460917,0.576716,64.090630,0.084918,2.528327,0.481068,0.660896
17,2,1,FCFS,58,56.162472,0.076072,2.106388,0.902136,0.568344,7.081723,0.000481,0.012360,0.012369,0.042028,49.080749,0.075591,2.094028,0.889767,0.526316,63.244195,0.076552,2.118749,0.914505,0.610372
17,2,2,Bailey-Welch,58,56.794958,0.171862,2.047480,0.851085,0.565563,7.083169,0.000715,0.012425,0.012451,0.042028,49.711789,0.171147,2.035054,0.838635,0.523535,63.878127,0.172577,2.059905,0.863536,0.607591
17,2,3,Blocking,58,56.760882,0.179725,2.192776,0.893068,0.581504,7.069288,0.000515,0.012130,0.012303,0.041990,49.691594,0.179210,2.180646,0.880765,0.539514,63.830169,0.180240,2.204906,0.905371,0.623494
17,2,4,Benchmarking,58,56.256507,0.077492,2.089897,0.889972,0.567071,7.091131,0.000495,0.012366,0.012348,0.042079,49.165376,0.076997,2.077531,0.877623,0.524992,63.347638,0.077987,2.102262,0.902320,0.609150
17,3,1,FCFS,58,56.163818,0.076460,1.985475,0.750131,0.554917,7.081014,0.000519,0.012963,0.011877,0.041992,49.082803,0.075941,1.972512,0.738253,0.512925,63.244832,0.076979,1.998439,0.762008,0.596908
17,3,2,Bailey-Welch,58,56.778936,0.179584,1.927458,0.699644,0.552132,7.068222,0.000823,0.012975,0.011976,0.041910,49.710713,0.178761,1.914483,0.687668,0.510221,63.847158,0.180408,1.940433,0.711620,0.594042
17,3,3,Blocking,58,56.749013,0.180709,1.972493,0.741398,0.556958,7.075831,0.000557,0.012918,0.011853,0.041953,49.673182,0.180152,1.959576,0.729545,0.515004,63.824844,0.181266,1.985411,0.753252,0.598911
17,3,4,Benchmarking,58,56.250870,0.077970,1.968717,0.737982,0.553573,7.086414,0.000517,0.012979,0.011886,0.042021,49.164456,0.077453,1.955738,0.726096,0.511552,63.337285,0.078488,1.981696,0.749868,0.595593
18,1,1,FCFS,58,155.373248,0.083986,2.506218,0.453833,1.203309,32.649863,0.000487,0.012407,0.010039,0.194119,122.723385,0.083499,2.493811,0.443794,1.009190,188.023111,0.084473,2.518626,0.463872,1.397429
18,1,2,Bailey-Welch,58,155.975416,0.182997,2.429274,0.410843,1.198344,32.623079,0.000921,0.012295,0.009998,0.193960,123.352337,0.182076,2.416979,0.400845,1.004384,188.598495,0.183918,2.441569,0.420841,1.392305
18,1,3,Blocking,58,156.015407,0.188264,2.492130,0.447832,1.205566,32.634712,0.000578,0.012558,0.009996,0.194028,123.380694,0.187686,2.479572,0.437835,1.011538,188.650119,0.188842,2.504687,0.457828,1.399595
18,1,4,Benchmarking,58,155.469884,0.084748,2.487796,0.445304,1.201838,32.637543,0.000503,0.012390,0.010032,0.194043,122.832341,0.084246,2.475406,0.435272,1.007795,188.107427,0.085251,2.500187,0.455336,1.395881
18,2,1,FCFS,58,154.275787,0.075006,2.036505,0.887089,1.144587,32.596971,0.000494,0.012257,0.012439,0.193712,121.678816,0.074513,2.024249,0.874650,0.950874,186.872758,0.075500,2.048762,0.899528,1.338299
18,2,2,Bailey-Welch,58,154.946339,0.172363,1.979456,0.837372,1.142239,32.569333,0.000801,0.012313,0.012447,0.193543,122.377005,0.171563,1.967143,0.824924,0.948696,187.515672,0.173164,1.991769,0.849819,1.335782
18,2,3,Blocking,58,155.152577,0.179862,2.128315,0.877444,1.160007,32.621783,0.000517,0.012074,0.012338,0.193871,122.530794,0.179345,2.116242,0.865106,0.966136,187.774359,0.180378,2.140389,0.889782,1.353877
18,2,4,Benchmarking,58,154.357347,0.076499,2.020139,0.874883,1.143254,32.586997,0.000489,0.012259,0.012421,0.193651,121.770350,0.076010,2.007879,0.862462,0.949603,186.944345,0.076988,2.032398,0.887304,1.336905
18,3,1,FCFS,58,154.367179,0.075875,1.924207,0.723240,1.132653,32.581393,0.000488,0.013281,0.011976,0.193600,121.785786,0.075387,1.910926,0.711265,0.939053,186.948571,0.076363,1.937487,0.735216,1.326253
18,3,2,Bailey-Welch,58,154.981471,0.180195,1.866620,0.675227,1.129911,32.559410,0.000808,0.013230,0.011990,0.193470,122.422061,0.179387,1.853390,0.663237,0.936441,187.540881,0.181003,1.879850,0.687217,1.323381
18,3,3,Blocking,58,155.039692,0.181443,1.910904,0.714083,1.135178,32.569312,0.000534,0.013247,0.011934,0.193517,122.470379,0.180909,1.897657,0.702150,0.941661,187.609004,0.181977,1.924151,0.726017,1.328695
18,3,4,Benchmarking,58,154.427039,0.077364,1.907263,0.711146,1.131127,32.572373,0.000488,0.013269,0.011962,0.193545,121.854665,0.076876,1.893995,0.699184,0.937582,186.999412,0.077852,1.920532,0.723108,1.324672
19,1,1,FCFS,58,1109.729929,0.084114,2.476733,0.427067,6.880728,161.352202,0.000458,0.012327,0.009935,0.960224,948.377726,0.083656,2.464407,0.417132,5.920504,1271.082131,0.084572,2.489060,0.437002,7.840952
19,1,2,Bailey-Welch,58,1110.672222,0.184570,2.399546,0.388644,6.877760,161.353949,0.000645,0.012249,0.009880,0.960219,949.318274,0.183925,2.387297,0.378764,5.917541,1272.026171,0.185214,2.411795,0.398523,7.837979
19,1,3,Blocking,58,1110.770086,0.189465,2.461825,0.421211,6.885263,161.359523,0.000461,0.012427,0.009892,0.960260,949.410562,0.189004,2.449398,0.411320,5.925003,1272.129609,0.189926,2.474252,0.431103,7.845522
19,1,4,Benchmarking,58,1109.708077,0.084905,2.458248,0.419481,6.878544,161.351387,0.000456,0.012307,0.009916,0.960218,948.356691,0.084449,2.445941,0.409565,5.918326,1271.059464,0.085361,2.470554,0.429397,7.838762
19,2,1,FCFS,58,1109.834369,0.073936,1.964056,0.872566,6.824385,161.387088,0.000494,0.011716,0.012117,0.960598,948.447281,0.073442,1.952340,0.860449,5.863788,1271.221457,0.074429,1.975773,0.884683,7.784983
19,2,2,Bailey-Welch,58,1109.713055,0.173204,1.909564,0.824519,6.817609,161.355909,0.000863,0.011652,0.012190,0.960411,948.357146,0.172341,1.897913,0.812329,5.857198,1271.068964,0.174067,1.921216,0.836709,7.778019
19,2,3,Blocking,58,1110.867375,0.180083,2.061675,0.862382,6.841381,161.389011,0.000510,0.011549,0.012044,0.960619,949.478364,0.179573,2.050126,0.850338,5.880762,1272.256386,0.180592,2.073224,0.874426,7.802000
19,2,4,Benchmarking,58,1109.811746,0.075537,1.947765,0.860286,6.822441,161.386407,0.000496,0.011728,0.012105,0.960594,948.425339,0.075040,1.936037,0.848181,5.861847,1271.198154,0.076033,1.959493,0.872391,7.783034
19,3,1,FCFS,58,1109.801527,0.075342,1.861387,0.696486,6.812782,161.386866,0.000497,0.013166,0.011790,0.960495,948.414661,0.074845,1.848221,0.684696,5.852287,1271.188392,0.075839,1.874553,0.708276,7.773277
19,3,2,Bailey-Welch,58,1110.747932,0.180738,1.804575,0.650816,6.812103,161.387225,0.000869,0.013178,0.011820,0.960486,949.360707,0.179869,1.791397,0.638996,5.851618,1272.135158,0.181608,1.817753,0.662636,7.772589
19,3,3,Blocking,58,1110.857502,0.181925,1.847622,0.686815,6.817538,161.388827,0.000506,0.013156,0.011750,0.960500,949.468675,0.181418,1.834466,0.675065,5.857038,1272.246329,0.182431,1.860778,0.698566,7.778038
19,3,4,Benchmarking,58,1109.778927,0.076876,1.844351,0.684403,6.810755,161.386185,0.000498,0.013160,0.011779,0.960491,948.392741,0.076378,1.831191,0.672625,5.850263,1271.165112,0.077375,1.857512,0.696182,7.771246
20,1,1,FCFS,58,3218.591535,0.083833,2.445311,0.399608,19.429984,485.437425,0.000429,0.012215,0.009855,2.889314,2733.154110,0.083404,2.433096,0.389753,16.540670,3704.028960,0.084262,2.457527,0.409464,22.319299
20,1,2,Bailey-Welch,58,3219.525013,0.184312,2.369006,0.366445,19.427062,485.443320,0.000706,0.012278,0.009838,2.889351,2734.081693,0.183606,2.356728,0.356607,16.537711,3704.968332,0.185018,2.381283,0.376284,22.316413
20,1,3,Blocking,58,3219.639177,0.190116,2.430627,0.394526,19.434589,485.443367,0.000444,0.012283,0.009843,2.889358,2734.195810,0.189672,2.418344,0.384683,16.545231,3705.082543,0.190560,2.442910,0.404369,22.323946
20,1,4,Benchmarking,58,3218.566536,0.084627,2.427004,0.392965,19.427801,485.437425,0.000429,0.012237,0.009845,2.889313,2733.129111,0.084198,2.414767,0.383120,16.538488,3704.003960,0.085056,2.439240,0.402811,22.317114
20,2,1,FCFS,58,3217.693388,0.072646,1.890862,0.856373,19.363033,485.425512,0.000544,0.011459,0.012426,2.889411,2732.267877,0.072102,1.879403,0.843947,16.473621,3703.118900,0.073191,1.902321,0.868799,22.252444
20,2,2,Bailey-Welch,58,3218.033550,0.173151,1.839705,0.810782,19.359373,485.431460,0.000857,0.011520,0.012420,2.889455,2732.602090,0.172294,1.828185,0.798362,16.469918,3703.465010,0.174008,1.851225,0.823202,22.248828
20,2,3,Blocking,58,3218.716148,0.180006,1.994216,0.846357,19.380604,485.431403,0.000500,0.011218,0.012470,2.889457,2733.284746,0.179506,1.982998,0.833887,16.491147,3704.147551,0.180507,2.005434,0.858827,22.270062
20,2,4,Benchmarking,58,3217.668389,0.074351,1.874837,0.844221,19.361103,485.425512,0.000549,0.011481,0.012418,2.889413,2732.242877,0.073802,1.863356,0.831802,16.471690,3703.093900,0.074901,1.886317,0.856639,22.250517
20,3,1,FCFS,58,3218.219186,0.074525,1.798365,0.668260,19.355885,485.431491,0.000490,0.012906,0.011975,2.889352,2732.787695,0.074035,1.785459,0.656286,16.466533,3703.650676,0.075015,1.811271,0.680235,22.245237
20,3,2,Bailey-Welch,58,3218.573292,0.180327,1.743030,0.626041,19.351844,485.431402,0.000771,0.012910,0.011867,2.889356,2733.141890,0.179556,1.730120,0.614175,16.462488,3704.004694,0.181098,1.755940,0.637908,22.241201
20,3,3,Blocking,58,3218.687577,0.182241,1.784690,0.658652,19.357154,485.431403,0.000497,0.012811,0.011929,2.889362,2733.256175,0.181744,1.771879,0.646724,16.467792,3704.118980,0.182738,1.797502,0.670581,22.246515
20,3,4,Benchmarking,58,3218.194186,0.076078,1.781380,0.656394,19.353849,485.431491,0.000495,0.012920,0.011982,2.889354,2732.762695,0.075582,1.768461,0.644412,16.464495,3703.625677,0.076573,1.794300,0.668375,22.243203

SECTION,Marginal Means and Contrasts vs Reference Level (OV)
factor,A: urgent_slots
level,level_label,marginal_mean,contrast_vs_ref
10,10,0.431716,0.000000
11,11,0.423091,-0.008625
12,12,0.418507,-0.013210
13,13,0.416420,-0.015296
14,14,0.420715,-0.011001
15,15,0.434156,0.002440
16,16,0.468363,0.036647
17,17,0.581426,0.149710
18,18,1.160668,0.728952
19,19,6.840107,6.408391
20,20,19.383523,18.951807

factor,B: strategy
level,level_label,marginal_mean,contrast_vs_ref
1,1,2.850289,0.000000
2,2,2.800828,-0.049461
3,3,2.797618,-0.052671

factor,C: rule
level,level_label,marginal_mean,contrast_vs_ref
1,FCFS,2.815944,0.000000
2,Bailey-Welch,2.812671,-0.003272
3,Blocking,2.821891,0.005947
4,Benchmarking,2.814474,-0.001470

SECTION,Interaction Cell Means (OV) — averaged over third factor
pair,A x B  (slots × strategy)
urgent_slots,1,2,3
10,0.458200,0.409645,0.427303
11,0.450231,0.402517,0.416527
12,0.446926,0.399622,0.408972
13,0.445536,0.399394,0.404331
14,0.450385,0.405624,0.406137
15,0.466576,0.422152,0.413740
16,0.503362,0.459529,0.442198
17,0.619263,0.570620,0.554395
18,1.202265,1.147522,1.132217
19,6.880574,6.826454,6.813295
20,19.429859,19.366028,19.354683

pair,A x C  (slots × rule)
urgent_slots,FCFS,Bailey-Welch,Blocking,Benchmarking
10,0.431766,0.428404,0.436250,0.430445
11,0.423070,0.419802,0.427740,0.421754
12,0.418387,0.415211,0.423343,0.417086
13,0.416209,0.413137,0.421432,0.414902
14,0.420360,0.417497,0.425918,0.419086
15,0.433852,0.430711,0.439575,0.432487
16,0.468136,0.464776,0.473804,0.466735
17,0.581150,0.577762,0.586976,0.579817
18,1.160183,1.156832,1.166917,1.158739
19,6.839299,6.835824,6.848061,6.837246
20,19.382967,19.379427,19.390782,19.380918

pair,B x C  (strategy × rule)
strategy,FCFS,Bailey-Welch,Blocking,Benchmarking
1,2.850704,2.846677,2.854608,2.849166
2,2.799019,2.795960,2.810725,2.797608
3,2.798108,2.795376,2.800339,2.796648

SECTION,Best Configuration (lowest OV mean)
urgent_slots,strategy,rule,rule_name,OV_mean,OV_hw,OV_lower,OV_upper,elAppWT_mean,urScanWT_mean,elScanWT_mean,OT_mean
13,2,2,Bailey-Welch,0.395253,0.005561,0.389692,0.400814,19.421195,2.516855,0.179464,1.067003

SECTION,Plots
main_effects_plot,factorial_main_effects.png
interaction_plot,factorial_interactions.png
