week,elAppWT,elScanWT,urScanWT,OT
0,25.457184,0.169525,2.636188,0.642395
1,16.960374,0.188385,2.484550,0.256935
2,16.454719,0.213057,2.199666,0.352421
3,12.581081,0.188278,2.713448,0.342138
4,26.945816,0.204531,1.993200,0.202828
5,31.676580,0.182785,2.687156,0.656599
6,22.463178,0.205362,3.113426,0.680046
7,9.576861,0.178819,2.498787,0.481747
8,9.215979,0.171548,2.472282,0.135131
9,11.456291,0.183914,3.033564,0.972231
10,15.129162,0.201896,2.994067,0.407711
11,31.265822,0.187062,1.787776,0.495732
12,19.037779,0.193788,3.103953,0.720465
13,11.554846,0.182182,3.217487,0.840723
14,15.124490,0.175125,2.858735,0.754818
15,11.882137,0.174006,1.958882,0.214767
16,21.941142,0.173880,2.234182,0.860704
17,26.668779,0.214601,2.070384,0.253287
18,29.888599,0.180921,3.023400,1.045917
19,23.067205,0.199311,2.460188,0.635649
20,26.108313,0.171819,2.628023,1.024806
21,18.766212,0.169497,3.068193,0.247057
22,32.115743,0.194814,2.589732,0.776634
23,41.214804,0.195225,2.126846,0.460655
24,35.057205,0.210279,2.316960,0.559719
25,38.316008,0.210592,2.667198,0.250381
26,47.367915,0.197357,2.476465,0.543453
27,51.073315,0.206101,2.248124,0.609798
28,54.512968,0.203441,2.794979,0.305132
29,44.964016,0.186819,2.732335,0.228265
30,41.029430,0.173078,2.448344,0.702587
31,48.042150,0.190761,2.000845,0.110215
32,41.349581,0.202778,2.103746,0.210615
33,33.146955,0.189742,2.005271,0.418946
34,39.524468,0.173287,1.422663,0.224161
35,36.626939,0.198861,2.647086,0.596472
36,38.126107,0.191083,1.824676,0.146117
37,39.186448,0.190909,2.713856,0.640521
38,24.117869,0.189016,2.568719,0.609873
39,21.040697,0.182487,2.943544,0.312114
40,24.927811,0.205191,2.022512,0.136892
41,30.952204,0.194891,2.753485,0.651387
42,27.385323,0.202006,2.956601,0.643633
43,24.380802,0.210918,3.341522,0.927822
44,35.094695,0.183129,2.349094,0.111640
45,38.479427,0.179619,2.409644,0.620862
46,41.366794,0.172203,1.778829,0.203460
47,50.495321,0.209870,2.622045,0.642767
48,50.491561,0.180180,2.453533,0.170426
49,48.671532,0.188601,2.359936,0.249279
50,52.313791,0.192257,2.707617,0.291631
51,49.272084,0.191350,1.985468,0.618071
52,37.092192,0.196042,3.392571,0.722188
53,29.953998,0.167810,2.874331,0.994143
54,36.248236,0.178433,3.130913,0.322885
55,30.822918,0.189818,2.419786,0.331546
56,39.560162,0.168098,2.379516,1.049651
57,42.992513,0.181897,3.433238,0.972319
58,41.518267,0.220073,2.505754,0.283161
59,33.281797,0.157387,2.110598,0.149211
60,16.487934,0.165531,2.475319,0.603271
61,23.520187,0.185495,2.789029,1.168377
62,19.640007,0.171864,2.463111,0.628741
63,19.335533,0.195887,2.976844,0.658460
64,28.978611,0.189054,2.456067,0.288427
65,26.217169,0.177603,2.695714,0.627445
66,35.368471,0.170016,2.130375,0.143359
67,47.426993,0.175395,2.513704,0.240755
68,65.267173,0.175780,2.543421,0.722510
69,67.939354,0.203430,2.633913,0.392695
70,62.128328,0.165382,3.393694,1.299806
71,80.589031,0.204955,2.681570,0.231925
72,85.644202,0.190151,2.184302,0.833927
73,81.275043,0.194446,2.632320,0.655428
74,79.791663,0.210522,2.464400,0.138004
75,61.396887,0.182022,2.407842,1.088684
76,50.342222,0.189156,2.486674,0.328472
77,37.042420,0.185003,2.323097,0.199685
78,42.491461,0.210998,2.713084,0.414152
79,49.244710,0.195089,3.838192,0.754793
80,34.942165,0.172211,3.014461,0.682378
81,45.358513,0.199588,2.003508,0.661770
82,40.378743,0.200845,2.640521,0.608657
83,33.444452,0.212044,2.470091,0.140094
84,23.832108,0.220922,2.205081,0.120228
85,15.102822,0.171367,2.876127,0.487065
86,13.844196,0.183622,2.651892,0.414072
87,19.456299,0.185467,2.673162,0.691581
88,39.932647,0.212374,2.449918,0.231737
89,50.202779,0.173676,2.088621,0.238114
90,42.787458,0.193575,2.642381,0.568145
91,45.627917,0.184117,2.422930,0.636896
92,43.917459,0.170600,2.489209,0.605872
93,37.709570,0.193886,2.086143,0.102815
94,36.508852,0.183262,2.722458,0.504937
95,47.706324,0.203349,2.155391,0.133731
96,55.822757,0.173283,2.309018,0.459852
97,60.436392,0.183562,3.217244,0.115780
98,63.200101,0.189275,3.007241,0.535196
99,56.406525,0.194993,2.703303,0.965625
100,51.530025,0.149880,2.769522,0.828455
101,56.346236,0.185331,2.650535,0.330754
102,60.503005,0.203491,2.851707,0.554837
103,55.801660,0.183390,3.535358,1.005505
104,65.209258,0.174099,3.338023,0.744305
105,66.543268,0.208831,2.909271,1.115539
106,84.875158,0.187838,2.193704,0.604700
107,79.854140,0.186592,2.470311,0.578511
108,71.089475,0.182235,2.441633,0.136847
109,66.211658,0.212839,2.611481,0.306189
110,58.295453,0.191287,2.805782,0.738676
111,52.310136,0.180364,2.592543,0.558517
112,49.358109,0.174899,2.257322,0.417338
113,53.426065,0.165997,2.631874,0.591296
114,52.864408,0.204954,3.064519,1.128492
115,48.441375,0.200802,2.900850,0.560063
116,35.524723,0.179487,2.362998,0.190558
117,16.727030,0.160567,2.344449,0.317253
118,20.650010,0.193942,2.326607,0.674319
119,19.188904,0.170913,2.578157,0.136739
120,23.225965,0.174468,2.634237,0.683077
121,20.833958,0.179219,2.084676,0.576978
122,26.996910,0.167604,1.941286,0.233827
123,24.700654,0.192721,2.574650,0.912562
124,17.111421,0.207531,2.628874,0.942977
125,13.319111,0.154031,3.037217,0.575884
126,25.079270,0.181364,2.768851,0.622005
127,25.015206,0.166190,2.498720,0.212476
128,24.829683,0.178942,2.494087,0.191963
129,28.413173,0.206760,2.527842,0.770436
130,23.247576,0.181572,2.738191,0.145698
131,24.567646,0.228410,3.591551,0.607794
132,21.134116,0.185363,2.871426,0.312682
133,25.517026,0.200677,2.101985,0.255687
134,48.365225,0.182676,2.860862,0.325093
135,43.107055,0.199774,2.216594,0.251350
136,42.268662,0.189194,3.086000,0.279602
137,43.582191,0.167570,1.739344,0.604879
138,38.714020,0.167962,2.481598,0.270024
139,45.719933,0.170720,2.289014,0.437272
140,43.565143,0.173765,2.261110,0.437081
141,45.814040,0.210640,2.334219,0.291963
142,39.349379,0.179301,2.724371,0.342270
143,40.457581,0.180582,2.239578,0.573100
144,49.749782,0.186514,2.219964,0.075936
145,49.771563,0.175365,2.222821,0.480576
146,55.135696,0.203895,2.419505,0.581499
147,67.438544,0.191851,2.704765,0.247879
148,57.968305,0.207542,2.371713,0.609419
149,49.655547,0.191232,2.818778,0.700055
150,49.423883,0.193837,3.513436,0.624798
151,61.574483,0.181346,2.551206,0.426393
152,65.033443,0.183600,2.221282,0.277784
153,60.106115,0.184738,3.023492,0.432305
154,70.873611,0.180377,2.496902,0.563266
155,74.529546,0.176665,2.592268,0.505012
156,74.631944,0.200193,2.140298,0.590420
157,74.582746,0.193655,2.367781,0.601308
158,85.950448,0.192156,2.160209,0.250421
159,89.150336,0.170853,2.328039,0.190525
160,87.301592,0.171290,1.609313,0.242905
161,86.450410,0.155011,2.858737,0.286371
162,89.017885,0.196225,2.762612,0.571424
163,92.485107,0.187083,2.634998,0.216603
164,91.334740,0.154113,2.455274,0.190576
165,95.300958,0.221500,2.228664,0.197950
166,81.917389,0.187249,2.179211,0.123366
167,74.272356,0.185716,2.313798,0.547424
168,57.982850,0.204389,3.064572,0.995137
169,52.367394,0.178216,2.354394,0.609199
170,48.884150,0.168947,2.391746,0.430453
171,52.521269,0.203617,2.951082,0.543494
172,46.332848,0.178137,2.851703,1.217162
173,34.973568,0.185430,2.346362,0.676781
174,31.668583,0.174835,2.746824,0.187105
175,31.538541,0.168326,2.227149,0.532002
176,31.991159,0.194184,3.105590,1.039354
177,23.537584,0.175676,2.649599,0.336889
178,12.844745,0.190007,2.739379,0.273638
179,11.359363,0.183677,3.932554,0.725214
180,20.510583,0.178008,2.708069,0.254204
181,30.929262,0.197115,2.998880,0.203496
182,31.176695,0.181554,2.575206,0.411014
183,25.892395,0.172571,2.784995,0.496755
184,21.066484,0.182986,2.072675,0.580904
185,34.665810,0.193770,2.221406,0.173536
186,37.598058,0.173332,2.689643,0.887296
187,39.174393,0.186301,2.885326,1.282997
188,33.276415,0.174775,2.478300,0.449366
189,25.978080,0.175471,2.311989,0.330433
190,19.279551,0.204455,2.485019,0.724531
191,19.306147,0.181947,2.644296,0.642989
192,22.544192,0.162127,2.292759,0.517654
193,22.849104,0.151341,2.279953,0.643256
194,21.903776,0.192040,2.304008,0.489678
195,25.418741,0.161597,2.812649,0.650728
196,29.032604,0.153971,2.871511,1.257400
197,30.388044,0.182321,2.539141,0.498639
198,33.477113,0.180772,2.782991,0.313105
199,33.363331,0.184281,2.448626,0.147577
200,37.333956,0.175619,2.524944,0.687144
201,31.476806,0.177658,2.798487,0.908197
202,26.033762,0.187527,3.177156,0.339880
203,21.206442,0.178870,2.245114,0.635001
204,17.120651,0.178339,1.633577,0.252400
205,13.102329,0.171283,2.292259,0.911393
206,23.758419,0.162092,2.788921,0.602221
207,16.679121,0.183420,2.274277,0.313253
208,26.309860,0.188840,2.233289,0.488509
209,34.114513,0.190439,2.552799,0.580210
210,33.071753,0.197096,2.178622,0.615902
211,24.075874,0.176223,2.877874,0.617764
212,19.301925,0.168300,2.787252,0.678864
213,18.156960,0.201413,2.822869,0.802047
214,19.680259,0.171735,2.496132,0.147102
215,11.575595,0.199678,2.357424,0.168829
216,13.871800,0.186413,1.996368,0.416315
217,18.653327,0.205124,2.891505,0.440442
218,12.444610,0.177072,2.923472,0.630955
219,15.949935,0.177570,2.816387,0.475529
220,18.814255,0.159379,2.992201,0.285851
221,15.278338,0.179403,2.221348,0.598429
222,21.205831,0.165449,2.744319,0.543731
223,27.652830,0.171397,2.181427,0.527177
224,20.691877,0.217784,3.262691,1.022543
225,17.941212,0.212490,3.232405,1.360917
226,15.713302,0.173477,2.459237,0.171901
227,12.775024,0.185616,2.602908,0.537664
228,22.971821,0.168213,3.032027,0.757070
229,32.846587,0.188644,2.436710,0.532631
230,42.294641,0.187090,2.241921,0.342205
231,48.680727,0.178138,3.172847,1.130229
232,48.995190,0.213894,3.117925,0.377454
233,45.870404,0.179956,1.797060,0.438965
234,50.572780,0.193465,3.151039,0.643985
235,54.443164,0.207751,2.643657,0.275913
236,62.279524,0.195636,2.852321,0.531855
237,73.324541,0.185665,2.453403,0.259401
238,67.477771,0.192794,3.197762,0.396293
239,66.265955,0.189104,2.155906,0.312402
240,49.595285,0.190782,2.195711,0.237613
241,54.284050,0.192630,2.940298,0.643845
242,59.534967,0.183727,2.297143,0.484095
243,58.657277,0.192075,2.622566,0.419363
244,56.325849,0.185087,2.486624,0.569107
245,37.728259,0.187386,2.467796,0.115288
246,30.747793,0.192273,2.806720,0.448332
247,34.235124,0.177819,2.886031,0.662588
248,38.954456,0.184508,2.963159,0.686538
249,35.725686,0.183773,2.872864,0.603167
250,37.334346,0.194411,2.688382,0.256180
251,46.358758,0.190142,2.208946,0.597797
252,40.158412,0.182597,2.365097,0.586155
253,19.316633,0.208934,2.064745,0.153328
254,16.854117,0.200314,2.512227,0.235390
255,16.203568,0.170690,2.372977,0.502869
256,19.285863,0.180791,2.737362,0.922012
257,21.241817,0.157205,2.802632,0.584889
258,24.395035,0.169766,2.720660,0.592669
259,21.223985,0.206202,3.008392,0.994889
260,30.017927,0.160309,2.462865,0.146888
261,29.176133,0.164196,2.941211,0.668703
262,31.215414,0.180497,2.265383,0.304336
263,27.745649,0.173087,2.628278,1.012296
264,31.480897,0.194251,2.093430,0.275354
265,30.340128,0.184496,2.340888,0.631960
266,28.574893,0.182493,2.560333,0.194514
267,32.663107,0.194160,2.669978,0.221275
268,37.222860,0.206850,2.797580,0.962956
269,41.565953,0.206093,2.996966,0.718668
270,49.274358,0.199070,2.468905,0.654069
271,45.760538,0.191293,2.559550,0.738509
272,34.793507,0.181686,2.589356,0.594527
273,26.894938,0.171177,2.105989,0.281260
274,15.923209,0.193012,2.024289,0.097815
275,9.940209,0.192062,2.387557,0.188304
276,14.368396,0.179905,2.769366,0.649032
277,25.512267,0.183342,2.926093,0.671769
278,22.826784,0.186031,2.759016,0.456831
279,17.023301,0.191848,1.997414,0.142136
280,19.268996,0.176682,2.207812,0.155192
281,19.882706,0.178715,2.525107,0.239184
282,18.236021,0.190405,2.585264,0.566455
283,17.244293,0.184111,2.894726,0.299080
284,16.546778,0.187515,2.454258,0.144967
285,9.752205,0.165994,2.274373,0.350773
286,10.863865,0.177825,2.013073,0.244826
287,14.977193,0.164168,2.519408,0.560826
288,25.299891,0.187104,2.337888,0.557981
289,30.669405,0.211060,2.196440,0.190168
290,36.928465,0.197552,2.414039,0.189901
291,28.002325,0.184702,2.704287,0.285745
292,28.584455,0.185442,2.462233,0.505322
293,29.627644,0.203754,2.723029,0.737998
294,21.712109,0.196647,2.813290,1.558449
295,20.483791,0.183560,2.432583,0.600906
296,22.695065,0.173942,2.190612,0.147128
297,20.977379,0.202994,3.135588,0.543074
298,19.717858,0.215841,2.466193,0.216934
299,31.157691,0.182639,2.535580,0.575551
300,27.103216,0.177126,2.336775,0.210975
301,29.753740,0.165312,2.759663,0.274773
302,36.393783,0.192606,2.554095,0.679939
303,16.946358,0.166214,2.661782,0.252699
304,14.668497,0.165131,2.741585,0.102551
305,16.982962,0.179384,2.095480,0.219172
306,14.289676,0.188903,2.707483,0.237626
307,20.061655,0.178514,2.619414,0.576973
308,15.508175,0.175175,2.810688,0.418995
309,15.938828,0.181713,2.929439,0.703051
310,25.126387,0.167452,3.109388,0.737609
311,23.712761,0.173695,3.455673,1.119009
312,28.854627,0.181765,3.140851,0.560142
313,17.273287,0.155858,2.917086,0.904120
314,17.850322,0.184840,2.669427,1.023740
315,19.901541,0.202929,2.415311,0.236524
316,15.206738,0.177006,2.191672,0.115933
317,14.552837,0.170471,2.627405,0.748167
318,11.988234,0.205236,2.915243,0.570278
319,13.717854,0.182718,3.056091,0.685662
320,11.100874,0.160323,3.259806,0.819044
321,26.988186,0.159908,2.713827,0.247669
322,38.650319,0.169942,2.767072,0.321938
323,36.698377,0.191208,2.685619,0.589922
324,40.893002,0.171213,2.696237,0.172361
325,41.714783,0.207877,3.387229,0.750294
326,38.848062,0.188599,2.378579,0.211811
327,36.393252,0.196037,2.263425,0.679331
328,30.708261,0.204688,2.741570,0.665016
329,31.730677,0.162821,2.241229,0.884852
330,40.738595,0.187531,2.827037,0.769059
331,56.365521,0.176404,2.090166,0.184299
332,64.592685,0.185439,2.380660,0.151523
333,57.534744,0.163469,2.524112,0.635636
334,52.992120,0.196534,2.386807,1.074872
335,51.775052,0.180871,3.024876,0.764497
336,39.700422,0.200982,2.593926,0.594949
337,38.084049,0.186464,2.101325,0.157013
338,34.574355,0.186234,2.706929,0.185081
339,29.700681,0.176846,2.616221,0.272921
340,28.354128,0.158064,2.439225,0.207108
341,35.017785,0.175731,2.943668,0.425273
342,29.892274,0.177368,2.268284,0.531931
343,37.723741,0.176973,2.727642,0.609083
344,30.396248,0.185040,2.107044,0.231713
345,29.881311,0.198511,2.155588,0.585186
346,19.190819,0.213247,2.546990,0.243708
347,14.798386,0.175397,3.123768,1.091081
348,16.119043,0.190543,2.383805,0.139286
349,9.910715,0.183239,2.606554,0.181109
350,14.196700,0.194668,1.824865,0.293921
351,7.667668,0.155868,1.872919,0.501949
352,13.539362,0.187561,2.349054,0.177239
353,16.312896,0.188369,3.033423,1.036166
354,10.443864,0.162070,2.692829,0.641654
355,13.253895,0.173965,2.838337,0.388087
356,18.028423,0.176912,2.905968,1.047452
357,22.812642,0.186110,2.705833,0.306798
358,18.180362,0.192110,2.819344,0.963029
359,15.769652,0.176551,2.724934,1.175185
360,16.228124,0.184998,2.260987,0.272626
361,27.129791,0.202047,2.479516,0.692278
362,24.729288,0.176304,2.610333,0.755935
363,21.740392,0.197208,2.965150,0.628285
364,19.373400,0.189566,1.958376,0.611997
365,18.077354,0.179249,2.345477,0.743149
366,12.329550,0.175074,2.565712,0.554193
367,20.689045,0.173071,2.342746,0.879247
368,25.632452,0.181259,2.574919,1.072207
369,30.900630,0.190982,2.139277,0.187554
370,30.713975,0.187608,2.754621,0.778818
371,22.362476,0.183668,2.364328,0.222617
372,25.025358,0.185046,2.506299,0.596586
373,28.923898,0.178271,2.710837,0.481845
374,35.921434,0.211541,2.838672,1.020236
375,31.412541,0.183838,3.023520,1.031640
376,22.597445,0.181295,2.050619,0.209056
377,31.186538,0.190217,2.333326,0.136862
378,31.791449,0.156444,3.272083,1.266610
379,31.312936,0.177396,2.286311,0.196181
380,41.281734,0.168416,2.807971,0.936019
381,38.510932,0.194179,3.006259,0.684317
382,38.205986,0.183848,2.169308,0.618432
383,33.015020,0.180240,2.425362,0.688192
384,26.003945,0.186557,2.726463,1.029436
385,25.168954,0.161889,2.866685,0.667821
386,15.988885,0.165140,2.140040,0.600688
387,10.393994,0.173737,3.021809,1.279064
388,18.099317,0.193553,2.521826,0.973326
389,25.414279,0.151847,2.777224,0.386572
390,26.305961,0.192771,2.289763,0.517194
391,22.500589,0.175252,2.258924,0.324498
392,23.117641,0.198821,2.505351,0.282894
393,18.334945,0.185764,2.109089,0.073842
394,27.797052,0.178260,3.027037,0.965925
395,22.139300,0.170597,2.380309,0.283595
396,14.128047,0.192745,2.886569,0.629065
397,9.445113,0.168758,2.255720,0.117769
398,12.494178,0.173472,2.938207,0.340493
399,20.976663,0.174628,2.881446,0.466520
400,15.600938,0.180871,2.168750,0.118021
401,11.854763,0.175230,2.814139,0.683435
402,14.591490,0.175511,2.939984,0.668805
403,12.392561,0.173397,3.049127,0.913156
404,15.931387,0.217742,2.602776,1.201192
405,33.496993,0.190150,2.209415,0.149778
406,41.321078,0.200201,1.821791,0.101202
407,30.581235,0.189939,1.997381,0.198133
408,22.479436,0.175286,2.624478,0.258673
409,19.434132,0.201343,2.069165,0.078870
410,19.254066,0.185624,2.349186,0.079387
411,16.137284,0.163543,3.199630,0.697737
412,18.909059,0.178449,3.056779,0.676187
413,20.128330,0.205852,2.741109,0.783309
414,26.620272,0.200385,2.622997,0.213404
415,36.332595,0.186320,2.170775,0.266875
416,48.071946,0.187515,2.557233,1.056170
417,54.658138,0.167346,1.944562,0.625495
418,62.288437,0.199167,2.718436,1.076772
419,69.661802,0.187632,2.705452,0.621828
420,58.636271,0.196360,2.661000,0.554789
421,43.273206,0.210230,2.475567,0.159529
422,37.130717,0.157330,2.567733,0.641066
423,45.629916,0.179624,2.873493,0.848381
424,48.872682,0.171944,1.974076,0.165617
425,38.212145,0.178778,2.138200,0.416536
426,33.105827,0.185048,2.535653,1.028000
427,40.693340,0.201106,2.071656,0.247729
428,47.624644,0.199376,2.486893,0.156820
429,53.641524,0.222896,2.342497,0.341202
430,57.324022,0.206675,2.135885,0.520958
431,55.303393,0.203830,2.001345,0.074769
432,50.200037,0.176762,2.252736,0.740788
433,44.279093,0.176669,2.780012,0.264629
434,33.826115,0.164477,2.728736,0.269263
435,32.362928,0.180306,2.779060,0.995533
436,29.601514,0.168330,1.806310,0.158794
437,25.169469,0.177929,2.499342,0.169841
438,23.314142,0.186483,3.129320,0.659208
439,33.637057,0.187024,2.342565,0.132569
440,29.953159,0.184977,2.880312,0.262312
441,39.779738,0.184261,2.962876,0.683528
442,30.352758,0.187454,2.826346,0.948898
443,24.445008,0.168908,2.703427,0.262515
444,29.383628,0.160450,2.620429,0.196590
445,27.444450,0.192980,2.346375,0.594238
446,26.325247,0.154643,3.097451,0.298266
447,35.832463,0.169385,2.423688,0.189759
448,41.053357,0.209405,3.467093,1.071279
449,40.866443,0.165963,2.195755,0.719472
450,42.702070,0.212280,2.345868,0.588234
451,54.975153,0.166756,2.236306,0.268002
452,61.421710,0.186890,2.447432,0.303225
453,67.096311,0.192161,2.826363,0.271888
454,50.028109,0.194176,2.401688,0.630088
455,54.132453,0.219807,2.393581,0.498250
456,48.906739,0.199257,2.276401,0.292591
457,34.515508,0.203198,2.748787,0.950136
458,28.608238,0.185272,2.173094,0.669670
459,35.148765,0.190065,1.955215,0.199638
460,39.344655,0.167716,2.529441,0.131968
461,40.873843,0.178669,3.479962,1.088387
462,33.958905,0.161136,2.193030,0.218643
463,30.429561,0.176718,2.563332,0.235394
464,31.990583,0.179871,1.997886,0.215032
465,33.785325,0.192569,2.611681,0.565400
466,43.138832,0.182692,2.313183,0.214023
467,46.533700,0.195874,2.832721,0.683530
468,57.257346,0.205514,3.275732,0.730246
469,62.253345,0.179945,1.840681,0.137292
470,50.488057,0.169777,2.340026,0.209676
471,47.829807,0.179969,3.147097,1.069974
472,34.734563,0.174773,2.097103,0.649006
473,39.294692,0.193014,3.267949,1.113570
474,40.550019,0.191602,2.650611,0.193593
475,42.872363,0.187765,2.385170,0.181194
476,47.245422,0.162682,2.736359,0.676189
477,47.683508,0.167194,3.135957,0.551167
478,45.185932,0.183902,2.620798,0.205596
479,57.561072,0.190496,3.190709,1.222865
480,62.310586,0.169416,2.391201,0.368527
481,57.326047,0.172455,2.447465,0.535111
482,62.253851,0.177659,2.539989,0.965074
483,73.563016,0.189875,2.435021,0.222755
484,71.284384,0.195524,2.352386,0.117106
485,76.404417,0.213490,2.194364,0.295453
486,80.638091,0.192163,3.179325,1.156100
487,79.054027,0.188269,2.149671,0.154897
488,65.965392,0.186221,3.040880,0.781810
489,56.133721,0.186340,2.189334,0.294710
490,56.616861,0.167285,2.632098,1.228595
491,61.721961,0.197993,3.139990,0.684594
492,35.709826,0.212615,2.743201,0.960132
493,33.272488,0.172249,2.656377,0.204175
494,43.680787,0.194797,2.219552,0.224818
495,43.750077,0.176395,2.832260,0.598181
496,43.678357,0.210860,3.421431,0.302623
497,32.810272,0.205152,2.786498,0.684926
498,25.889747,0.162605,1.966842,0.876486
499,26.311447,0.197345,2.632823,0.514378
500,27.684526,0.173784,2.478910,0.135166
501,30.581955,0.191201,2.523599,0.543030
502,33.163868,0.202364,2.755591,0.699981
503,27.574358,0.186443,3.426099,1.004183
504,31.755450,0.187063,3.102080,0.761089
505,26.090292,0.184616,2.938091,0.300591
506,30.471313,0.197183,2.754827,0.892854
507,23.695135,0.175865,2.847714,0.668369
508,23.167209,0.175891,1.996277,0.205349
509,15.181847,0.183548,1.870656,0.147478
510,29.895255,0.188434,3.281988,0.663865
511,30.461942,0.204851,3.019860,0.975256
512,26.721387,0.184257,2.128771,0.609987
513,24.606328,0.172230,2.669979,1.032243
514,26.121287,0.177411,2.773905,1.070868
515,40.644536,0.198053,2.404354,0.176043
516,42.052009,0.200551,3.096226,0.461010
517,44.036082,0.173122,2.619354,0.461122
518,49.713047,0.203736,2.488371,1.007294
519,45.990156,0.210238,2.703834,0.692039
520,53.581831,0.185657,2.488232,0.631480
521,59.440454,0.184056,2.828025,0.259422
522,48.141674,0.201117,2.714486,0.659325
523,53.697795,0.201495,2.517273,0.590056
524,64.080361,0.174568,2.352579,0.606200
525,73.706250,0.185928,2.629627,1.318268
526,70.624103,0.181951,3.079100,0.929198
527,79.186085,0.184669,2.451081,0.207154
528,79.416651,0.212741,2.739506,1.079144
529,73.655778,0.180933,3.078753,0.577806
530,58.892464,0.198240,2.310352,0.270634
531,53.510539,0.204266,2.225963,0.497449
532,55.818997,0.184321,3.522445,0.887489
533,41.641719,0.165618,3.031404,1.297131
534,20.038534,0.195649,2.865306,0.490555
535,9.690086,0.173894,2.712665,0.508314
536,12.736819,0.166394,2.309715,0.217770
537,14.918823,0.188276,2.651304,0.097161
538,29.484260,0.218263,2.082998,0.277143
539,36.133535,0.184489,2.662510,0.755815
540,26.900499,0.171642,2.610326,0.385031
541,23.585566,0.190594,2.933752,1.142037
542,28.243673,0.161934,2.465152,0.274948
543,22.622758,0.166642,2.375961,0.112720
544,17.319344,0.189044,2.540266,0.219560
545,14.447988,0.156787,2.216836,0.240348
546,10.965687,0.162949,2.489694,0.621873
547,17.818160,0.175688,2.791092,0.866778
548,19.511560,0.172068,2.449246,0.236326
549,29.141008,0.180047,2.459628,0.140409
550,34.907699,0.187082,2.325810,0.261501
551,40.524547,0.176382,2.105699,0.588449
552,44.716240,0.180720,2.474137,0.220735
553,41.642726,0.175586,1.770123,0.920991
554,30.788952,0.194579,3.308327,0.657169
555,36.318270,0.171898,2.401321,0.299638
556,37.947014,0.182822,2.218893,0.339018
557,20.831997,0.173582,2.636695,1.284926
558,18.727080,0.165323,2.563146,0.376779
559,19.021633,0.170985,2.876673,0.492169
560,25.426270,0.202334,1.905085,0.314906
561,17.052881,0.163092,2.734449,0.182217
562,9.013036,0.178227,2.840521,0.944908
563,8.095458,0.180075,2.376464,0.583887
564,10.676412,0.181689,2.266425,0.162780
565,15.172044,0.174709,1.937465,0.279534
566,19.392282,0.172966,1.904934,0.525415
567,13.599399,0.152173,2.428629,0.574159
568,21.296976,0.184348,2.338016,0.191985
569,16.953270,0.189540,2.690946,1.059538
570,10.689528,0.162557,3.143754,1.249793
571,10.935715,0.188465,2.648491,0.541642
572,13.017912,0.179865,1.649505,0.280334
573,17.797746,0.178606,2.485792,0.224600
574,23.189625,0.199012,2.536525,0.648404
575,28.456008,0.160949,2.982573,0.618113
576,24.127013,0.183055,3.491587,0.710771
577,23.676582,0.211263,3.001970,1.082797
578,30.380135,0.169120,2.742699,0.486408
579,52.675412,0.190425,2.535137,0.869287
580,38.825108,0.196127,2.828512,0.311677
581,28.912995,0.180619,3.070979,0.253259
582,22.755546,0.173075,2.672130,0.928035
583,20.648883,0.171542,2.942880,1.018623
584,14.203597,0.193580,2.382080,0.561993
585,13.643882,0.200164,2.846328,0.335613
586,19.383441,0.165586,2.353816,0.251453
587,19.115769,0.181816,2.737092,0.098798
588,21.398449,0.173229,2.746663,0.209981
589,32.340762,0.228451,2.687680,0.193963
590,38.683667,0.187467,2.252293,0.252107
591,32.031458,0.187346,2.860023,0.625015
592,31.552219,0.186197,2.702133,0.555789
593,45.857620,0.204157,2.250380,0.118924
594,38.867051,0.177136,2.527590,0.817673
595,42.952808,0.167743,2.470085,0.602116
596,30.007118,0.170493,2.153911,0.176468
597,33.602318,0.193160,2.670882,0.524436
598,29.076120,0.204331,2.267918,0.878244
599,27.885831,0.192550,2.601224,0.514569
600,22.858040,0.182736,2.728876,0.745624
601,23.685224,0.164395,2.644374,0.223546
602,31.574327,0.189140,3.349217,0.726687
603,26.993827,0.181544,2.669795,0.210170
604,20.285402,0.168312,2.112733,0.244473
605,25.419496,0.181244,2.186232,0.567280
606,20.459001,0.173436,2.269958,0.566270
607,11.301603,0.175217,2.237640,0.219968
608,17.794177,0.175106,2.565955,0.665584
609,16.835718,0.191839,2.842521,0.650691
610,22.109879,0.183222,2.739970,0.117392
611,34.591013,0.174745,2.475167,0.204925
612,23.453437,0.218605,2.277268,0.626068
613,22.015213,0.184354,2.158219,0.208094
614,22.657631,0.205738,2.543003,0.919112
615,21.843831,0.169248,2.342033,0.214025
616,13.118017,0.174627,2.959615,0.669236
617,9.003971,0.165821,2.530231,0.825502
618,12.460869,0.152202,2.502247,0.131135
619,22.272771,0.180309,2.658151,0.658411
620,23.340498,0.193339,2.560338,0.128001
621,20.460694,0.179668,2.836983,0.348665
622,31.203246,0.181796,2.684699,0.394251
623,14.219739,0.173669,2.069801,0.218981
624,28.377441,0.198498,2.772978,0.669208
625,28.449480,0.178807,2.255790,0.095709
626,24.207528,0.159134,2.477108,0.283149
627,21.295745,0.182697,2.498632,0.362997
628,17.816702,0.170017,2.289602,0.322491
629,17.718026,0.169921,2.475222,0.609829
630,21.800527,0.194675,1.750929,0.206723
631,21.842844,0.186792,3.260183,0.189841
632,14.232148,0.177352,1.889661,0.281117
633,8.870969,0.154077,2.698374,0.517407
634,20.110944,0.195001,3.109821,1.014915
635,28.725794,0.189707,1.999313,0.634371
636,16.827203,0.180181,2.357852,0.559377
637,19.386042,0.163066,2.819461,0.138076
638,26.207343,0.179345,2.613916,0.989246
639,22.653566,0.160655,2.458009,0.236272
640,26.942375,0.177950,2.658957,0.744505
641,34.074852,0.186253,2.901333,0.212086
642,36.488940,0.200540,2.197842,0.232855
643,33.645259,0.190093,2.536237,0.171204
644,22.580073,0.173481,2.410648,0.461417
645,25.948697,0.176556,2.734152,0.226776
646,36.840283,0.191440,2.102594,0.300323
647,36.758903,0.180364,2.608132,0.889164
648,34.143997,0.187753,2.036055,0.207567
649,45.070442,0.162737,3.487171,1.117426
650,48.018687,0.198140,3.207533,0.579067
651,43.713198,0.195754,1.975576,0.184713
652,38.536392,0.169618,3.179113,1.292347
653,35.595665,0.198329,2.895238,0.838617
654,24.460076,0.203231,1.850833,0.143862
655,26.788427,0.168142,2.988233,0.859350
656,31.370808,0.165152,2.607662,0.930024
657,25.420667,0.181271,2.304500,0.166151
658,31.257608,0.208453,3.096390,0.495391
659,52.050218,0.190665,2.260589,0.622835
660,52.022578,0.193220,2.395351,0.936127
661,43.961779,0.197074,2.895414,0.590503
662,38.481643,0.185704,2.421247,0.614784
663,27.856155,0.180088,2.356323,1.241010
664,17.129601,0.196259,2.084036,0.193594
665,19.449203,0.178630,2.430652,0.270399
666,28.250151,0.197624,2.855682,1.013469
667,35.358010,0.180209,3.150784,0.495090
668,28.503240,0.165924,2.788872,0.358077
669,34.911673,0.216714,2.307537,0.274029
670,32.982437,0.181615,2.982447,0.158575
671,35.837772,0.180412,2.540303,0.236979
672,43.869501,0.178206,3.111908,0.399920
673,44.166579,0.171837,2.249512,0.184245
674,40.445848,0.168055,2.900937,0.315544
675,35.125846,0.188371,2.261156,0.635971
676,31.640428,0.179320,2.587283,0.616336
677,33.852563,0.159556,3.093267,0.540502
678,47.677446,0.180009,2.868959,0.579402
679,46.392967,0.192691,2.546381,0.313932
680,35.993069,0.177409,2.238829,0.155092
681,12.970089,0.175921,2.405076,0.959647
682,18.995706,0.176042,2.435520,0.370813
683,26.338882,0.175102,2.582250,0.186370
684,21.355004,0.174892,2.516695,0.298048
685,27.359422,0.180444,2.584893,0.483958
686,36.066914,0.172418,2.314255,0.532650
687,44.689013,0.180112,2.773545,0.558224
688,57.867933,0.166131,2.659241,0.793730
689,51.325853,0.180726,2.279586,0.245188
690,45.658975,0.194172,3.072029,0.586861
691,49.725893,0.164500,1.885418,0.150951
692,58.241415,0.190392,2.250860,0.662555
693,63.502143,0.189258,2.321177,0.216279
694,65.225510,0.182193,2.050433,0.151535
695,55.818027,0.192316,2.643925,0.236735
696,55.314626,0.169546,2.267178,0.206719
697,62.334128,0.202642,2.105722,0.117467
698,54.478727,0.190116,2.592738,0.157081
699,53.084859,0.184377,3.482066,1.404363
700,43.833081,0.161734,2.482663,0.509438
701,42.240609,0.193478,2.057658,0.464457
702,41.728585,0.192947,2.459290,0.210885
703,36.587179,0.195025,2.788756,0.982196
704,46.411759,0.178680,2.323102,0.481700
705,60.546569,0.192503,1.862779,0.066737
706,57.819217,0.188105,2.496556,0.215725
707,46.758117,0.198248,2.363775,0.286191
708,46.974247,0.187929,3.451761,1.067652
709,52.370100,0.189429,2.658236,0.624826
710,46.278420,0.181379,2.876369,0.969078
711,48.425585,0.195869,2.743762,0.307555
712,47.683662,0.198710,2.381286,0.578868
713,48.425170,0.184210,2.530974,0.206671
714,44.657306,0.189562,2.052905,0.595269
715,54.686032,0.192218,2.440790,0.147771
716,59.911505,0.194924,2.530020,0.236704
717,62.893958,0.215882,2.314071,0.233538
718,72.270529,0.177461,2.426710,0.205533
719,73.289823,0.218092,2.093066,0.626188
720,72.722817,0.185735,2.454935,0.541442
721,59.695597,0.211841,2.205944,0.243240
722,64.852915,0.198360,2.670755,0.601119
723,62.410484,0.182633,2.713896,0.159401
724,60.591420,0.181761,2.259792,0.233780
725,64.098701,0.169284,2.483597,0.559659
726,57.244861,0.202547,2.016587,0.224028
727,56.933678,0.174617,3.674489,1.016606
728,44.754890,0.195659,1.744811,0.204814
729,51.798315,0.205978,2.533965,0.245729
730,50.627580,0.192530,2.775962,0.758060
731,50.842473,0.182261,2.943628,0.560789
732,54.918394,0.191974,2.537237,0.441541
733,55.513950,0.168041,2.505008,0.298031
734,47.262193,0.172621,2.811821,0.610230
735,40.931928,0.194884,2.509108,0.457211
736,44.025986,0.191298,2.735478,0.621088
737,45.228879,0.192647,2.536155,0.559445
738,39.266595,0.186809,2.280708,0.133150
739,28.974761,0.178718,2.246055,0.194562
740,16.269914,0.168142,2.794219,0.607597
741,9.501413,0.179230,2.455100,0.545690
742,9.181528,0.170166,2.715741,0.953588
743,15.220891,0.177240,2.655116,0.600119
744,15.870173,0.196022,2.102045,0.234341
745,16.653593,0.175926,2.161370,0.471105
746,23.050587,0.168823,2.554818,0.197315
747,29.220645,0.181471,2.335358,0.184594
748,23.602095,0.185693,3.008767,0.223469
749,31.541060,0.219798,3.481562,0.165560
750,19.163211,0.194098,1.819615,0.209396
751,11.714260,0.181274,2.589624,0.263540
752,17.696154,0.170606,2.267227,0.194417
753,18.904430,0.169004,2.376426,0.618690
754,18.353304,0.179181,2.187170,0.269270
755,28.501587,0.189531,2.572123,0.376019
756,35.875930,0.189643,2.716932,0.667885
757,33.088540,0.191440,2.360692,0.597387
758,29.276296,0.185735,1.724101,0.131195
759,22.450496,0.174908,2.191402,0.508334
760,23.666815,0.195358,2.385937,0.638523
761,20.496854,0.188044,2.683240,0.869171
762,20.016352,0.182142,2.467605,0.847329
763,24.731321,0.199909,2.671767,0.569140
764,25.394971,0.212822,2.591582,0.583433
765,26.636629,0.175687,2.832686,0.619882
766,21.981414,0.189655,3.066100,0.564349
767,22.125742,0.182988,3.149932,0.288211
768,20.511542,0.188852,2.089048,0.115676
769,9.833301,0.167873,2.219281,0.923477
770,20.010048,0.201899,2.402099,0.662339
771,22.244980,0.171342,3.239950,0.184852
772,17.124569,0.199054,2.247286,0.193521
773,22.380195,0.177938,2.567243,0.407178
774,21.125790,0.181622,2.815689,0.630997
775,19.877995,0.183751,3.206100,0.888437
776,13.137527,0.170036,3.317410,0.684667
777,20.845607,0.192105,3.001092,0.571385
778,7.760777,0.178999,2.891629,1.116713
779,12.409857,0.194484,2.644447,0.747240
780,17.334601,0.178622,2.603508,0.945852
781,25.844987,0.190963,2.202426,0.344728
782,21.500425,0.189295,2.359264,0.537153
783,26.959483,0.172185,2.865555,0.842046
784,29.936914,0.167733,3.016320,0.586535
785,24.977803,0.192223,2.613270,0.763343
786,25.046142,0.200379,2.996785,0.745705
787,15.286772,0.215086,3.048961,0.240364
788,10.897166,0.185338,2.928783,0.768157
789,12.430502,0.179036,2.413593,0.519132
790,16.663887,0.176975,2.733884,0.495161
791,23.359690,0.180338,2.815481,0.363084
792,12.147030,0.170105,2.473810,0.124923
793,11.046531,0.183109,2.972095,0.575913
794,11.141551,0.193072,2.061194,0.767741
795,16.616293,0.180814,2.518519,0.456703
796,18.329257,0.172416,2.661259,0.231562
797,15.869014,0.180407,2.689468,0.088036
798,15.176869,0.188610,2.576947,0.380145
799,25.524413,0.164545,2.621459,0.637813
800,31.512314,0.172364,2.417402,0.211552
801,44.056741,0.194162,2.947044,0.394533
802,42.893531,0.191554,2.438049,0.562278
803,32.293081,0.172748,2.820101,0.403163
804,34.746939,0.188764,2.436697,0.263419
805,32.841653,0.178522,2.892453,0.590384
806,38.152758,0.200369,2.044327,0.107984
807,30.662731,0.171170,2.788530,0.429481
808,22.990014,0.173333,2.018834,0.275613
809,31.918795,0.168878,2.498477,0.319903
810,32.171196,0.202406,2.504128,0.559160
811,19.783855,0.181736,2.507871,0.269058
812,24.705730,0.172709,2.116549,0.202299
813,40.585260,0.188845,2.484187,0.616256
814,34.704459,0.198727,2.539212,0.554911
815,35.175939,0.171433,2.788576,1.302334
816,32.223254,0.183441,1.754370,0.076020
817,23.026480,0.177644,2.147174,0.631461
818,13.339644,0.169487,2.551424,0.078817
819,18.861647,0.171898,2.302820,0.597649
820,20.645693,0.198664,2.776785,0.708996
821,17.808948,0.200704,2.668035,0.278117
822,18.472477,0.167664,2.955716,0.268730
823,23.690190,0.188729,3.062222,0.244746
824,32.348138,0.159450,2.933218,0.642066
825,32.707665,0.180073,2.545194,0.376598
826,29.084756,0.159685,2.387971,0.916447
827,32.050871,0.219065,3.174819,0.660656
828,24.863463,0.193992,3.015861,0.480012
829,34.477206,0.192531,3.109656,0.927057
830,32.421949,0.181857,2.392343,0.395329
831,24.963722,0.195485,2.377460,0.151604
832,19.329757,0.185802,1.866759,0.187057
833,23.665677,0.173384,3.526433,0.809534
834,20.889507,0.190746,2.449318,0.329018
835,17.910603,0.174987,2.735889,0.601841
836,16.597787,0.179109,2.125068,0.504840
837,12.164860,0.176535,2.917666,0.260951
838,21.890709,0.199408,2.895365,0.391156
839,27.593430,0.207595,2.545455,0.264126
840,22.868682,0.170775,2.893948,0.251347
841,16.681710,0.195761,2.437980,0.439867
842,12.096193,0.169625,2.352684,0.234429
843,16.554986,0.185142,2.494186,0.214402
844,17.070790,0.170873,3.521414,0.566701
845,18.948889,0.189566,2.703761,0.599340
846,10.806573,0.170657,2.541627,0.600798
847,12.044874,0.189024,2.219073,0.263162
848,13.468255,0.175654,2.337667,0.246800
849,12.570419,0.190955,2.788292,0.664282
850,24.635618,0.177162,2.396923,0.512469
851,31.717071,0.180825,2.902448,0.802828
852,26.044830,0.189955,2.069343,0.089244
853,19.968557,0.190361,3.059931,0.379555
854,15.388308,0.199389,2.869932,0.612374
855,9.541595,0.179334,2.751519,0.832238
856,12.908078,0.171927,2.536898,0.335826
857,22.062809,0.157337,3.186566,0.879502
858,18.910775,0.172312,2.867037,0.864957
859,20.989230,0.170310,2.708759,0.707716
860,27.189381,0.175384,2.938235,0.336390
861,25.221170,0.163051,3.117959,0.522760
862,19.326365,0.173106,2.748044,0.258110
863,22.709711,0.169401,2.446303,0.170334
864,29.369916,0.192969,2.468166,0.641431
865,33.921253,0.187086,2.493701,0.276896
866,42.807104,0.185867,3.085060,1.005831
867,38.795695,0.157989,2.204020,0.566615
868,32.080679,0.187174,3.160316,1.096300
869,41.300845,0.186100,2.649487,1.358480
870,44.012177,0.176052,2.143972,0.382645
871,37.948688,0.184047,3.331837,1.118043
872,28.544122,0.193973,2.513857,0.224668
873,17.137410,0.180463,2.251463,0.513205
874,11.764348,0.188249,3.294292,0.619716
875,9.921830,0.190013,2.107333,0.270723
876,19.181454,0.172360,1.987800,0.616871
877,25.126206,0.162354,2.796706,1.347213
878,27.435489,0.161851,2.992995,0.237143
879,28.012534,0.185751,2.607149,0.596751
880,39.806205,0.185995,2.149276,0.197442
881,53.933737,0.182070,2.063913,0.278518
882,50.193687,0.222362,2.380095,0.357787
883,37.796535,0.175967,2.688265,0.421363
884,35.376040,0.184519,2.620404,0.528818
885,25.526799,0.184826,2.091416,0.212277
886,19.929169,0.182983,2.158321,0.967587
887,18.082206,0.173312,2.129037,0.231187
888,14.933598,0.214317,2.839988,1.045366
889,11.519040,0.184640,2.711239,0.258230
890,19.249086,0.199295,2.533432,0.989019
891,25.075765,0.191151,2.948696,0.486021
892,27.674600,0.197091,3.213973,0.504486
893,21.871503,0.201549,2.636830,0.300579
894,35.272312,0.197778,2.227446,0.550555
895,28.715433,0.197867,3.373890,0.588235
896,24.645392,0.165305,1.961319,0.245270
897,27.105918,0.190142,2.020314,0.917115
898,35.587203,0.184794,2.327452,0.504382
899,48.479631,0.210029,2.477576,0.518516
900,41.902487,0.162180,2.801350,0.680668
901,48.403403,0.197924,2.245383,0.193670
902,44.665126,0.187341,2.040395,0.225694
903,51.787484,0.169233,2.410883,0.194523
904,40.715958,0.179532,2.180234,0.240375
905,27.643130,0.194095,2.293694,0.328490
906,26.708953,0.186841,2.186220,0.613365
907,30.784962,0.174881,2.699637,0.669555
908,24.045652,0.184617,2.277983,0.498485
909,29.970145,0.182153,3.089201,0.498076
910,32.739413,0.176570,3.033066,0.128818
911,29.037903,0.187434,3.049533,0.333003
912,22.178765,0.167819,2.347651,0.603315
913,27.441341,0.194725,2.820072,0.865212
914,37.007410,0.181186,2.907394,0.905278
915,43.058118,0.204479,3.509001,0.575329
916,39.295630,0.162878,2.476035,0.281416
917,46.759430,0.185913,2.214668,0.214940
918,54.590248,0.209732,3.008581,0.799093
919,58.702691,0.194095,3.226983,1.008914
920,63.007737,0.190156,2.662173,0.619687
921,70.719772,0.197375,2.756369,1.360570
922,79.651057,0.192879,2.254980,0.595464
923,72.664590,0.189278,2.172396,0.249754
924,62.980526,0.186377,2.049028,0.549510
925,61.356919,0.176792,2.568150,0.211032
926,56.699770,0.168632,2.668234,0.899464
927,52.466523,0.186643,2.760829,0.948488
928,52.132340,0.202962,2.614095,0.206138
929,60.484709,0.190251,2.450821,0.478985
930,57.967262,0.181732,2.341719,0.163502
931,61.077427,0.161344,1.649292,0.127773
932,60.319270,0.187427,2.132174,0.314458
933,60.499684,0.174400,2.227528,0.507268
934,56.734050,0.194640,2.800984,0.315251
935,58.932258,0.210027,2.146051,0.552495
936,49.386860,0.176971,2.086673,0.240759
937,38.644913,0.184726,2.128221,0.498244
938,43.814386,0.183156,2.889043,0.491447
939,37.411028,0.188547,2.327841,0.870406
940,29.085633,0.185252,2.389914,0.637120
941,35.988888,0.178609,2.984170,0.650520
942,41.736367,0.202456,3.012316,0.498117
943,40.803357,0.200811,2.727032,1.450969
944,34.903686,0.195367,2.563028,0.566647
945,35.108515,0.202695,2.821762,0.229059
946,32.880551,0.194305,2.308074,0.097496
947,37.126965,0.188567,2.671850,0.831555
948,39.265746,0.193339,2.089496,0.178178
949,43.258442,0.187848,2.524014,0.315638
950,56.239369,0.174197,2.150002,0.143159
951,64.986178,0.171150,2.672011,0.241356
952,65.124799,0.197431,2.484416,0.646394
953,48.441235,0.212053,2.742556,0.631818
954,44.871624,0.199729,2.867528,0.331087
955,48.678614,0.210073,2.919342,0.281746
956,36.081915,0.193888,2.496771,0.867170
957,31.440349,0.157919,2.295014,0.265562
958,17.877847,0.194041,2.114343,0.259979
959,17.404780,0.178066,2.452342,0.805161
960,20.474069,0.203796,2.613725,0.878438
961,26.389707,0.179966,2.443238,0.116077
962,26.826396,0.171166,2.403996,0.229636
963,17.695246,0.173752,2.651990,0.315697
964,18.356452,0.203716,2.293312,0.159026
965,26.060887,0.172567,2.106236,0.204628
966,15.746532,0.177889,2.522460,0.822236
967,11.093535,0.174106,2.753410,0.778290
968,25.526256,0.197458,2.094749,0.171388
969,32.199873,0.186415,2.325439,0.550611
970,37.418146,0.184656,2.213062,0.171377
971,65.315810,0.186036,2.272372,0.988121
972,56.187452,0.177074,2.092998,0.155896
973,53.294838,0.191176,2.810736,0.088632
974,61.606232,0.179557,2.482184,0.550924
975,50.328272,0.172367,2.575834,0.920561
976,29.591272,0.176642,2.666067,0.540602
977,30.562573,0.200139,2.806833,1.065271
978,25.112469,0.178994,2.600423,1.008000
979,30.936074,0.205200,2.390770,0.828263
980,14.347568,0.175253,2.758724,0.761775
981,7.731325,0.137506,2.165612,0.334720
982,20.872503,0.191545,2.524286,0.210894
983,20.510444,0.155718,3.376587,0.847669
984,15.062571,0.157881,2.539028,0.590995
985,18.524962,0.172671,1.998564,0.254669
986,18.690878,0.188540,2.319673,0.231440
987,12.360746,0.192489,2.346462,0.617518
988,11.336740,0.197561,2.104275,0.168145
989,14.008784,0.169490,2.746678,1.339209
990,9.698139,0.183068,2.018985,0.619537
991,10.460258,0.184590,2.463551,0.348385
992,17.982637,0.191553,2.478241,0.630381
993,18.272218,0.169486,2.239801,0.518552
994,18.184055,0.220327,2.493343,0.567519
995,17.325240,0.171755,2.745015,1.059917
996,16.780839,0.167375,3.115299,1.311906
997,27.841493,0.181677,2.774353,0.366288
998,23.070789,0.185191,2.868100,0.198601
999,32.965161,0.169444,3.000816,0.242426
1000,45.163870,0.178120,2.569554,0.217998
1001,32.696632,0.190812,2.725936,0.617196
1002,25.683940,0.176413,2.629357,0.579214
1003,24.926602,0.183920,3.268262,0.634333
1004,19.957025,0.205809,2.282158,0.588669
1005,29.691648,0.206110,2.015787,0.426365
1006,36.586498,0.195179,1.994995,0.080572
1007,26.816295,0.174777,2.985414,1.083350
1008,33.692418,0.195174,1.789734,0.150312
1009,21.188703,0.189582,2.861912,0.379035
1010,28.169800,0.183151,2.507191,0.626997
1011,42.221767,0.174371,2.300679,0.289029
1012,43.766593,0.200522,2.492206,0.620612
1013,48.978796,0.191298,3.225107,0.656236
1014,48.509370,0.173798,3.063962,0.980443
1015,68.244580,0.202408,3.128013,0.570995
1016,70.442978,0.200199,2.356399,0.654778
1017,57.285061,0.191933,2.781732,0.631639
1018,58.549507,0.183863,2.527476,0.641562
1019,58.092669,0.189467,2.497749,0.271610
1020,56.053156,0.204265,2.636465,0.284032
1021,40.623252,0.174937,2.344089,0.549255
1022,29.455946,0.177040,2.652991,0.554837
1023,39.747170,0.179747,2.630718,0.530365
1024,38.579591,0.173597,2.713610,0.665361
1025,38.777130,0.194706,2.575233,0.294713
1026,31.873465,0.172108,2.229433,0.529511
1027,37.929178,0.189720,2.509058,0.674929
1028,49.344136,0.194142,2.208997,0.152959
1029,51.570782,0.177874,2.381987,0.643409
1030,43.156346,0.193921,2.669699,0.330561
1031,33.330758,0.181714,2.565535,1.376098
1032,24.762251,0.183875,2.349130,0.137951
1033,14.362817,0.158790,2.636537,0.219768
1034,18.478522,0.170331,1.966176,0.154772
1035,37.289516,0.192634,3.045307,0.755244
1036,32.964343,0.176011,2.127290,0.101571
1037,23.802272,0.187227,2.115025,0.274488
1038,13.633793,0.179737,2.509483,0.502633
1039,18.871291,0.195406,2.391160,0.689400
1040,23.483231,0.189267,2.835803,0.398209
1041,31.865853,0.204027,2.133744,0.235604
1042,22.863531,0.183799,3.633819,0.642282
1043,17.295742,0.181949,2.110869,0.481656
1044,14.070656,0.166627,2.514266,0.330950
1045,18.414332,0.179317,2.597789,0.320510
1046,19.513545,0.196221,2.571642,1.032009
1047,25.270243,0.206081,2.832904,0.339995
1048,21.112291,0.185057,2.631647,0.237822
1049,18.030050,0.176016,2.762696,1.090091
1050,14.549769,0.185643,2.554119,0.679867
1051,21.400432,0.198841,2.370879,0.299189
1052,28.252731,0.195241,2.295058,0.238864
1053,21.834169,0.174859,2.472020,0.491764
1054,13.160623,0.177265,2.985301,0.505424
1055,23.480545,0.183797,3.279303,0.804595
1056,31.900892,0.203455,2.891117,0.313388
1057,21.725863,0.168522,2.470301,1.030708
1058,17.943020,0.175247,2.943026,0.210634
1059,17.211011,0.174771,2.577489,1.009395
1060,20.941754,0.195732,2.279387,0.257574
1061,18.188098,0.186766,1.743520,0.542388
1062,26.499260,0.190911,2.144427,0.600744
1063,35.413025,0.185178,2.509223,0.306427
1064,26.308142,0.173902,2.239018,0.259541
1065,22.455873,0.181435,2.420885,0.466783
1066,29.271925,0.166727,3.465049,0.768435
1067,19.845515,0.185593,3.077133,0.686061
1068,11.929073,0.160296,2.697932,0.623697
1069,18.501881,0.192058,2.362868,0.169342
1070,26.456272,0.187109,2.485950,0.627732
1071,43.548066,0.180059,2.563327,0.592961
1072,34.673180,0.212908,2.985292,0.597414
1073,36.954204,0.187239,2.744078,0.716467
1074,39.990158,0.163005,2.215791,0.331492
1075,41.249677,0.165386,2.372731,0.291040
1076,47.772220,0.197066,2.724469,0.167334
1077,63.318504,0.184940,2.241347,0.105688
1078,88.807336,0.186614,2.668194,0.956714
1079,95.034296,0.202355,2.352475,0.238383
1080,79.726641,0.184070,2.947241,1.228199
1081,83.924362,0.192142,3.252298,1.032973
1082,83.595758,0.187570,1.871238,0.193010
1083,64.264612,0.180493,2.584309,0.495687
1084,62.813418,0.189075,2.489755,0.863457
1085,59.572493,0.175866,2.237158,0.228405
1086,56.467778,0.174317,2.436073,0.603141
1087,35.952195,0.167642,2.249573,0.637866
1088,30.125987,0.174361,1.828726,0.267050
1089,27.303851,0.183033,2.509661,1.052293
1090,39.249368,0.196918,1.980973,0.227279
1091,44.368315,0.202825,2.669401,0.665430
1092,36.621647,0.209468,2.990828,0.724410
1093,50.373972,0.207494,2.171341,0.633643
1094,53.409637,0.211096,2.855420,0.580488
1095,48.775645,0.172772,2.208860,0.257745
1096,36.889046,0.195148,3.061368,1.148666
1097,45.095108,0.186823,2.888993,0.189802
1098,54.093667,0.205559,2.800196,1.485276
1099,47.580964,0.167566,1.999673,0.599213
1100,41.982021,0.205350,2.228908,0.161302
1101,55.522906,0.196302,2.533195,0.769662
1102,63.282984,0.185597,2.276013,0.165034
1103,74.260808,0.240381,2.178453,0.586274
1104,68.278166,0.177820,3.146640,1.113848
1105,73.649719,0.189910,2.806104,0.528553
1106,75.804764,0.174316,2.476773,0.237622
1107,64.368390,0.175292,2.191659,0.633658
1108,58.065793,0.169750,3.145362,0.695641
1109,52.180685,0.176849,2.213888,0.183874
1110,47.953499,0.168317,2.128160,0.189675
1111,46.021804,0.171757,2.845122,0.652519
1112,39.786552,0.182427,2.405925,0.242276
1113,41.389426,0.206496,2.495244,0.219549
1114,43.181409,0.189742,2.467677,0.549059
1115,57.863028,0.195253,2.572457,0.623844
1116,61.348551,0.184543,2.517660,0.637435
1117,64.788816,0.156987,2.406540,0.552504
1118,62.822894,0.174318,2.905295,0.933179
1119,57.256705,0.176223,2.873603,0.651009
1120,58.044968,0.202006,3.196040,0.641931
1121,56.529642,0.190155,2.842015,0.519130
1122,40.794867,0.222865,2.213244,0.324110
1123,35.363969,0.167624,2.925877,0.260520
1124,41.514835,0.202231,2.544052,1.063675
1125,42.499389,0.172140,2.509515,0.291026
1126,36.654852,0.192472,2.092320,0.380530
1127,32.159032,0.196885,3.001136,0.218673
1128,29.478921,0.178978,2.255871,0.191443
1129,34.211443,0.173559,2.658987,0.240823
1130,35.376872,0.194526,2.015016,0.301343
1131,31.550077,0.169698,2.607389,0.074465
1132,36.820978,0.190052,2.214868,0.531675
1133,39.611025,0.195927,1.922297,0.166114
1134,57.925563,0.193856,2.914631,0.295094
1135,66.133215,0.171764,2.674608,0.206582
1136,69.293753,0.174066,2.548011,0.595720
1137,63.780234,0.185854,2.883023,0.372012
1138,58.034277,0.190257,2.816421,0.589530
1139,44.115730,0.182565,2.318939,0.594732
1140,46.768141,0.169882,2.133124,0.232907
1141,44.910414,0.167881,2.296503,0.237794
1142,53.203819,0.186409,2.050889,0.241586
1143,61.964353,0.174481,2.659957,0.160059
1144,60.779526,0.184091,2.592254,0.148185
1145,56.152860,0.200382,2.922911,0.637710
1146,34.922820,0.163655,2.414503,0.574791
1147,31.196995,0.192283,1.476669,0.146759
1148,34.833707,0.195207,1.992920,0.183523
1149,36.936296,0.179053,2.870065,0.601904
1150,36.955059,0.181231,3.011168,0.711335
1151,40.589202,0.208408,3.085496,0.620240
1152,39.769844,0.170297,2.003643,0.628436
1153,42.197911,0.202900,2.626949,0.996055
1154,57.272716,0.172777,2.227349,0.514464
1155,47.213456,0.174810,2.277068,0.321549
1156,45.893229,0.186925,2.160487,0.353129
1157,48.379774,0.187320,2.373496,0.144286
1158,38.108241,0.176585,2.438784,0.210491
1159,34.001722,0.179719,2.185241,0.083761
1160,31.337096,0.189831,2.480754,0.171273
1161,34.583821,0.202106,2.055185,0.318377
1162,27.129212,0.188825,3.056221,1.001991
1163,22.589042,0.177361,2.391290,0.785273
1164,19.369256,0.195046,2.447579,0.391246
1165,19.380262,0.176167,2.893262,0.615736
1166,25.507560,0.197253,2.318579,0.153624
1167,36.867459,0.182016,3.046173,0.442516
1168,39.299776,0.177393,2.461447,0.587466
1169,44.898498,0.201710,2.163272,0.135938
1170,37.947873,0.194930,1.978897,0.113871
1171,37.195017,0.167936,3.046522,0.513998
1172,37.321425,0.195931,2.598309,0.260728
1173,36.544876,0.196512,2.429752,0.764368
1174,36.433071,0.185953,2.807206,0.747042
1175,21.000171,0.203288,2.083059,0.570636
1176,18.152862,0.169804,2.458018,0.298587
1177,22.101522,0.201319,2.309177,0.551100
1178,35.164090,0.185158,2.333649,0.120983
1179,33.301452,0.164111,2.356325,0.466032
1180,38.615248,0.212240,2.008594,0.185761
1181,52.178074,0.183111,3.787300,1.107704
1182,47.589922,0.185752,2.797350,0.967562
1183,37.016784,0.195451,1.922503,0.171082
1184,23.000742,0.208542,2.265101,0.318743
1185,20.423825,0.181576,2.482856,0.570938
1186,24.615110,0.175386,2.900731,0.670985
1187,20.151767,0.212320,2.776824,0.293425
1188,16.799021,0.191265,2.527405,0.531949
1189,16.006565,0.166370,2.221380,0.120704
1190,16.840285,0.199153,2.504468,0.264834
1191,18.791692,0.161741,2.673034,0.872939
1192,24.216932,0.203870,2.598439,0.718689
1193,23.385206,0.197643,2.804868,0.944253
1194,17.678462,0.180593,2.456518,0.459982
1195,10.061229,0.183079,2.357260,0.219256
1196,13.054848,0.187933,2.707713,1.284144
1197,14.698973,0.193622,2.300992,0.172114
1198,11.613344,0.162055,2.689655,0.496610
1199,15.098607,0.168698,3.106455,0.255781
1200,17.152660,0.176791,2.856886,0.146220
1201,31.513173,0.196041,1.973937,0.157057
1202,38.237538,0.189029,2.006806,0.140554
1203,37.347633,0.203878,1.924675,0.339330
1204,35.311572,0.172428,2.031005,0.209986
1205,27.554266,0.162437,2.188072,0.512330
1206,17.366652,0.182536,2.469418,0.678705
1207,21.586114,0.188526,2.940328,0.315079
1208,21.254820,0.168036,2.745162,0.725052
1209,18.968603,0.213960,3.091833,0.723232
1210,23.165289,0.195663,2.480424,0.616321
1211,19.297319,0.202828,2.232435,0.543240
1212,11.681401,0.190794,2.424672,0.283119
1213,10.727293,0.171822,2.408297,0.357244
1214,8.037576,0.169576,2.671324,0.605384
1215,9.226541,0.174607,2.347012,0.877548
1216,11.778673,0.165282,2.295783,0.684589
1217,8.625833,0.176379,3.341268,0.673232
1218,11.493679,0.195513,2.300254,0.161137
1219,15.627982,0.193806,2.972677,1.412432
1220,15.442042,0.184090,2.152367,0.562550
1221,17.501899,0.178711,2.539152,0.673123
1222,23.009362,0.184698,2.594449,0.341182
1223,22.919375,0.186270,2.137306,0.279099
1224,18.378776,0.202379,2.552693,0.778761
1225,20.627838,0.185211,2.776941,0.760329
1226,22.138488,0.210096,3.155839,0.608391
1227,17.757331,0.170121,2.822938,0.683233
1228,19.915321,0.179463,2.454145,0.200645
1229,24.297882,0.169067,2.335145,0.522013
1230,40.507142,0.194594,2.007223,0.188400
1231,46.477825,0.180593,3.463565,0.680579
1232,46.120374,0.198701,1.966603,0.252557
1233,44.874898,0.169738,2.636154,0.588076
1234,34.261906,0.188391,2.620302,0.670095
1235,35.802811,0.183402,2.125983,0.245951
1236,24.732577,0.173761,2.061586,0.298512
1237,17.048963,0.191130,3.019273,1.077943
1238,24.787442,0.181057,2.771333,0.666057
1239,22.315855,0.185842,2.704011,0.898580
1240,20.063214,0.200146,3.005614,0.272948
1241,17.724638,0.182923,2.402693,0.186432
1242,18.542172,0.189218,2.707015,0.661626
1243,36.983979,0.164454,2.590170,0.628238
1244,33.316013,0.180054,2.784722,1.318802
1245,40.582920,0.206583,2.965704,0.350418
1246,47.734021,0.187691,2.094121,0.502631
1247,41.339767,0.190235,3.063194,0.225029
1248,35.327610,0.160879,2.661987,1.310740
1249,26.170698,0.184760,2.646144,0.506264
1250,16.493265,0.155504,2.267016,0.552621
1251,14.733517,0.198410,2.317814,0.151064
1252,13.846850,0.192413,2.518527,0.615430
1253,16.144054,0.179361,3.395243,0.302380
1254,16.218914,0.187679,2.934151,0.306784
1255,21.936307,0.191573,2.365678,0.630289
1256,19.735731,0.182128,3.379333,0.779127
1257,22.139109,0.209146,2.990311,0.709203
1258,28.353271,0.178099,3.119298,0.214010
1259,23.091930,0.216843,2.237122,0.286073
1260,34.489181,0.191177,2.912696,0.144533
1261,42.600789,0.190256,2.463551,0.265945
1262,39.900999,0.174465,3.060500,0.938947
1263,29.261186,0.191004,2.964013,1.060852
1264,33.911287,0.174746,2.512698,0.574179
1265,32.112071,0.185065,2.938444,0.816520
1266,29.113386,0.176339,2.265900,0.167086
1267,19.838188,0.230001,2.027114,0.156506
1268,19.485113,0.159510,2.544762,0.347526
1269,30.722042,0.189808,3.099092,0.926756
1270,40.592666,0.185788,2.682573,0.537309
1271,56.072050,0.188985,2.261582,0.360828
1272,54.638751,0.178306,3.045296,0.200909
1273,54.288726,0.191924,2.676368,0.567282
1274,44.612288,0.172241,2.945451,0.514680
1275,44.480382,0.181785,2.056598,0.183463
1276,34.479252,0.191379,2.129071,0.156291
1277,27.326614,0.170936,2.541173,0.240571
1278,19.516571,0.166922,2.958502,0.658605
1279,20.370052,0.182779,2.542455,0.123535
1280,22.964199,0.188394,3.240370,0.886505
1281,21.406329,0.193353,3.355221,0.895955
1282,20.399884,0.185718,2.279071,0.289438
1283,22.858000,0.180556,2.091435,0.127528
1284,26.928095,0.194635,2.684347,0.669568
1285,21.056956,0.188498,2.920234,0.340918
1286,17.577460,0.176494,2.787703,0.148288
1287,17.160416,0.176549,2.065075,0.414456
1288,18.579344,0.191914,2.804301,0.656933
1289,16.636437,0.186877,2.871655,0.243394
1290,26.625327,0.180932,2.524047,0.644969
1291,24.265493,0.187721,2.682433,0.576082
1292,22.282595,0.163500,2.104115,0.224218
1293,27.878630,0.186811,2.905930,0.419496
1294,21.674720,0.213527,2.974370,0.201524
1295,9.292936,0.181268,2.864946,0.559381
1296,7.456667,0.194865,2.462955,0.549943
1297,5.926149,0.172521,2.052933,0.163967
1298,8.127633,0.150789,2.185288,0.334397
1299,13.814703,0.177162,2.330036,0.263178
1300,16.865677,0.164204,2.853377,0.224095
1301,19.259227,0.173542,3.090646,0.744002
1302,26.448984,0.210388,2.365596,0.570587
1303,19.630678,0.190508,2.713010,0.846472
1304,25.652720,0.184372,2.192699,0.619150
1305,31.366961,0.183744,3.660187,0.287166
1306,38.987175,0.179505,2.602846,0.947700
1307,38.624732,0.178846,2.770083,0.321864
1308,22.250514,0.190450,2.565132,0.354428
1309,17.644527,0.194068,2.385119,0.552079
1310,12.566869,0.198828,2.641814,0.217505
1311,18.256436,0.183921,2.211003,0.346037
1312,23.603089,0.182149,2.215763,0.319609
1313,34.120710,0.166496,2.658756,0.955644
1314,48.315344,0.174004,2.600134,0.620193
1315,41.369872,0.193803,1.985778,0.521244
1316,54.727449,0.178806,2.077815,0.194469
1317,55.762067,0.210043,2.413063,0.145511
1318,58.931272,0.205081,2.547361,1.070822
1319,68.086162,0.204282,2.482925,0.240753
1320,64.146111,0.185906,2.675709,0.544990
1321,54.291849,0.211134,1.990292,0.268974
1322,55.891843,0.227187,2.421300,0.200921
1323,49.208145,0.163379,3.011287,0.783018
1324,49.149614,0.179362,2.508846,0.439730
1325,42.668590,0.193060,3.046520,0.358088
1326,41.346635,0.195231,2.709656,0.361700
1327,46.008680,0.195154,2.684381,0.509037
1328,40.581759,0.188293,2.861690,0.697563
1329,40.632274,0.164391,2.294769,0.269133
1330,35.657924,0.180755,2.483412,0.479442
1331,29.041060,0.192337,2.669557,0.333584
1332,29.946863,0.162090,2.788807,0.289114
1333,39.904124,0.186093,2.427823,0.192102
1334,37.580883,0.193901,1.813970,0.580762
1335,38.163025,0.173452,2.621469,0.566345
1336,33.615854,0.196436,2.606711,1.055995
1337,32.181637,0.174106,2.388689,0.295876
1338,45.762925,0.212893,2.694552,0.553649
1339,50.120204,0.199870,2.851775,0.610481
1340,41.575208,0.180545,2.646238,0.723619
1341,35.508758,0.170920,2.244525,0.847758
1342,38.688415,0.187084,1.969000,0.684045
1343,32.605967,0.165025,2.453969,0.257893
1344,36.349370,0.181481,2.550305,0.218610
1345,37.711981,0.210655,2.458864,0.375527
1346,37.734628,0.199645,2.482501,0.434277
1347,30.538762,0.188005,3.375870,0.823012
1348,31.874272,0.180038,2.314939,0.606134
1349,37.343889,0.189052,2.848501,0.311010
1350,32.631257,0.182863,2.703576,0.287706
1351,27.415754,0.215154,2.800820,0.317177
1352,33.693297,0.190799,2.343198,0.144279
1353,23.088214,0.202425,2.467950,0.506000
1354,21.191341,0.187720,2.373012,0.179909
1355,29.048189,0.191320,2.002057,0.304048
1356,26.469136,0.184528,2.286112,0.518686
1357,27.508482,0.186395,2.818236,0.506215
1358,33.505351,0.169658,2.676973,0.597813
1359,36.405257,0.180916,2.419951,0.253145
1360,26.571821,0.171737,3.055362,0.466946
1361,29.354391,0.180925,2.733631,0.625542
1362,25.261475,0.170633,2.282726,0.742189
1363,32.698058,0.171307,2.173470,0.178823
1364,28.554952,0.188545,2.216801,0.318025
1365,17.981035,0.181603,2.912727,0.880304
1366,11.992172,0.186960,2.054900,0.048432
1367,22.008020,0.173334,2.940630,0.699804
1368,29.606550,0.209886,2.715593,1.100277
1369,29.515697,0.147708,2.555347,0.499363
1370,31.279033,0.178863,2.850900,1.287897
1371,27.049467,0.158539,2.122302,0.199849
1372,21.323838,0.185027,2.577836,0.670011
1373,21.131710,0.183003,2.324665,0.279734
1374,35.715735,0.183699,2.733410,0.993504
1375,34.113516,0.206762,2.404656,0.258657
1376,48.072858,0.185009,2.771048,0.873879
1377,47.929879,0.192987,2.971987,0.555652
1378,33.101288,0.166158,2.822677,0.456216
1379,29.876719,0.176412,2.812764,0.622175
1380,30.186131,0.158044,2.266826,0.695934
1381,30.809496,0.208986,2.088890,0.497584
1382,25.779100,0.190512,2.072349,0.145259
1383,27.639743,0.175523,2.683851,0.401420
1384,28.238565,0.208997,1.732240,0.168804
1385,27.892454,0.175549,2.150172,0.168043
1386,27.903725,0.195758,2.585670,0.238029
1387,22.183874,0.167585,2.489434,0.437678
1388,20.577209,0.198388,2.381745,0.274436
1389,11.059870,0.180960,1.923049,0.137963
