urgent_slots,strategy,rule,rule_name,n_batches,elAppWT_mean,elAppWT_hw,elAppWT_lower,elAppWT_upper,elScanWT_mean,elScanWT_hw,elScanWT_lower,elScanWT_upper,urScanWT_mean,urScanWT_hw,urScanWT_lower,urScanWT_upper,OT_mean,OT_hw,OT_lower,OT_upper,OV_mean,OV_hw,OV_lower,OV_upper
10,1,1,FCFS,58,14.222599,0.393707,13.828892,14.616306,0.080576,0.000534,0.080042,0.081110,3.356585,0.015020,3.341565,3.371605,0.846148,0.013543,0.832605,0.859691,0.457612,0.003064,0.454548,0.460676
10,1,2,Bailey-Welch,58,14.862311,0.392967,14.469344,15.255278,0.170286,0.000918,0.169368,0.171204,3.284647,0.014932,3.269715,3.299578,0.796345,0.013520,0.782825,0.809865,0.453427,0.003044,0.450382,0.456471
10,1,3,Blocking,58,14.843837,0.397159,14.446678,15.240997,0.184076,0.000652,0.183424,0.184728,3.394584,0.015081,3.379504,3.409665,0.837573,0.013566,0.824007,0.851139,0.465532,0.003103,0.462429,0.468635
10,1,4,Benchmarking,58,14.288109,0.394743,13.893366,14.682852,0.081331,0.000541,0.080791,0.081872,3.340623,0.015015,3.325608,3.355637,0.836328,0.013535,0.822793,0.849864,0.456229,0.003065,0.453164,0.459293
10,2,1,FCFS,58,13.778875,0.386783,13.392092,14.165657,0.080659,0.000546,0.080113,0.081205,2.948630,0.014058,2.934571,2.962688,1.158049,0.013455,1.144594,1.171504,0.409643,0.002959,0.406684,0.412601
10,2,2,Bailey-Welch,58,14.407250,0.392261,14.014989,14.799510,0.187584,0.000882,0.186702,0.188466,2.893934,0.014138,2.879795,2.908072,1.110157,0.013508,1.096649,1.123666,0.407306,0.002996,0.404309,0.410302
10,2,3,Blocking,58,14.397259,0.387217,14.010042,14.784476,0.184028,0.000592,0.183436,0.184620,2.948310,0.014087,2.934224,2.962397,1.146772,0.013523,1.133249,1.160295,0.413288,0.002967,0.410321,0.416255
10,2,4,Benchmarking,58,13.843217,0.389364,13.453853,14.232581,0.082103,0.000529,0.081573,0.082632,2.933510,0.014048,2.919462,2.947558,1.146224,0.013451,1.132774,1.159675,0.408346,0.002971,0.405375,0.411317
10,3,1,FCFS,58,13.578707,0.388975,13.189731,13.967682,0.074325,0.000515,0.073810,0.074840,3.124959,0.012802,3.112157,3.137761,1.275130,0.012424,1.262705,1.287554,0.428043,0.002924,0.425119,0.430968
10,3,2,Bailey-Welch,58,14.194255,0.391665,13.802590,14.585920,0.150501,0.000801,0.149700,0.151303,3.059907,0.012696,3.047211,3.072603,1.213010,0.012520,1.200490,1.225529,0.424479,0.002928,0.421551,0.427408
10,3,3,Blocking,58,14.133094,0.394166,13.738929,14.527260,0.177127,0.000565,0.176563,0.177692,3.112235,0.012881,3.099354,3.125115,1.265249,0.012477,1.252772,1.277726,0.429929,0.002964,0.426966,0.432893
10,3,4,Benchmarking,58,13.643310,0.391993,13.251316,14.035303,0.075407,0.000512,0.074895,0.075919,3.109958,0.012816,3.097142,3.122774,1.263224,0.012457,1.250767,1.275682,0.426761,0.002940,0.423821,0.429701
11,1,1,FCFS,58,15.407488,0.493017,14.914471,15.900505,0.081224,0.000530,0.080693,0.081754,3.224979,0.014514,3.210465,3.239493,0.834463,0.013478,0.820986,0.847941,0.450042,0.003526,0.446516,0.453568
11,1,2,Bailey-Welch,58,16.052276,0.493623,15.558653,16.545900,0.171977,0.000930,0.171047,0.172907,3.153325,0.014358,3.138967,3.167683,0.784568,0.013466,0.771101,0.798034,0.445919,0.003505,0.442413,0.449424
11,1,3,Blocking,58,15.990841,0.494897,15.495945,16.485738,0.183926,0.000662,0.183264,0.184588,3.250073,0.014420,3.235653,3.264493,0.826434,0.013527,0.812907,0.839961,0.456303,0.003537,0.452765,0.459840
11,1,4,Benchmarking,58,15.476204,0.495399,14.980805,15.971603,0.081964,0.000532,0.081432,0.082496,3.208844,0.014512,3.194332,3.223355,0.824631,0.013454,0.811177,0.838084,0.448658,0.003534,0.445124,0.452193
11,2,1,FCFS,58,14.952939,0.488500,14.464439,15.441438,0.080413,0.000501,0.079912,0.080914,2.816986,0.013601,2.803385,2.830587,1.144246,0.013336,1.130910,1.157582,0.402004,0.003420,0.398584,0.405424
11,2,2,Bailey-Welch,58,15.574564,0.492845,15.081719,16.067409,0.185505,0.000861,0.184644,0.186367,2.761713,0.013746,2.747967,2.775459,1.095534,0.013412,1.082122,1.108946,0.399563,0.003446,0.396117,0.403009
11,2,3,Blocking,58,15.558957,0.488537,15.070421,16.047494,0.182809,0.000585,0.182224,0.183394,2.836599,0.013577,2.823022,2.850176,1.133772,0.013404,1.120368,1.147176,0.407790,0.003427,0.404363,0.411218
11,2,4,Benchmarking,58,15.019853,0.491257,14.528596,15.511110,0.081830,0.000494,0.081335,0.082324,2.801763,0.013615,2.788148,2.815378,1.132343,0.013288,1.119056,1.145631,0.400711,0.003430,0.397280,0.404141
11,3,1,FCFS,58,14.776940,0.489036,14.287904,15.265975,0.075129,0.000464,0.074665,0.075593,2.962851,0.013696,2.949155,2.976546,1.248335,0.012641,1.235695,1.260976,0.417164,0.003502,0.413662,0.420665
11,3,2,Bailey-Welch,58,15.395352,0.491291,14.904061,15.886643,0.156874,0.000802,0.156073,0.157676,2.900558,0.013669,2.886889,2.914226,1.188665,0.012673,1.175992,1.201337,0.413923,0.003513,0.410410,0.417436
11,3,3,Blocking,58,15.334181,0.495107,14.839074,15.829288,0.177381,0.000546,0.176834,0.177927,2.950674,0.013771,2.936904,2.964445,1.239205,0.012652,1.226554,1.251857,0.419128,0.003546,0.415582,0.422673
11,3,4,Benchmarking,58,14.845363,0.492775,14.352589,15.338138,0.076328,0.000470,0.075858,0.076798,2.947744,0.013709,2.934036,2.961453,1.236287,0.012603,1.223684,1.248890,0.415892,0.003520,0.412372,0.419413
12,1,1,FCFS,58,17.053690,0.635979,16.417711,17.689669,0.081655,0.000529,0.081126,0.082185,3.110052,0.014247,3.095805,3.124299,0.824297,0.013203,0.811094,0.837500,0.447071,0.004354,0.442718,0.451425
12,1,2,Bailey-Welch,58,17.697309,0.637584,17.059725,18.334893,0.173386,0.000865,0.172521,0.174252,3.038037,0.014236,3.023801,3.052273,0.773965,0.013319,0.760646,0.787284,0.442901,0.004338,0.438563,0.447239
12,1,3,Blocking,58,17.620811,0.637530,16.983281,18.258340,0.183520,0.000675,0.182845,0.184195,3.124359,0.014194,3.110165,3.138553,0.816741,0.013275,0.803466,0.830016,0.452037,0.004360,0.447677,0.456397
12,1,4,Benchmarking,58,17.125425,0.638828,16.486597,17.764253,0.082434,0.000523,0.081911,0.082957,3.093834,0.014246,3.079587,3.108080,0.814525,0.013214,0.801311,0.827739,0.445696,0.004363,0.441334,0.450059
12,2,1,FCFS,58,16.563393,0.631216,15.932178,17.194609,0.079862,0.000451,0.079411,0.080312,2.699716,0.014093,2.685623,2.713808,1.131243,0.013273,1.117970,1.144516,0.398560,0.004402,0.394158,0.402962
12,2,2,Bailey-Welch,58,17.198743,0.633133,16.565610,17.831877,0.182587,0.000771,0.181816,0.183359,2.643856,0.014224,2.629632,2.658079,1.081785,0.013447,1.068337,1.095232,0.396135,0.004414,0.391721,0.400549
12,2,3,Blocking,58,17.165050,0.631042,16.534008,17.796092,0.181397,0.000569,0.180828,0.181966,2.738851,0.014108,2.724743,2.752959,1.121661,0.013376,1.108285,1.135037,0.406490,0.004398,0.402092,0.410888
12,2,4,Benchmarking,58,16.637238,0.633038,16.004199,17.270276,0.081221,0.000450,0.080772,0.081671,2.684440,0.014124,2.670316,2.698564,1.119402,0.013285,1.106117,1.132687,0.397302,0.004412,0.392890,0.401715
12,3,1,FCFS,58,16.427216,0.632000,15.795216,17.059216,0.075729,0.000475,0.075254,0.076205,2.805747,0.013348,2.792399,2.819095,1.222059,0.012523,1.209535,1.234582,0.409531,0.004310,0.405221,0.413840
12,3,2,Bailey-Welch,58,17.042439,0.633875,16.408564,17.676314,0.163372,0.000766,0.162606,0.164137,2.746386,0.013308,2.733077,2.759694,1.165062,0.012657,1.152406,1.177719,0.406597,0.004314,0.402283,0.410912
12,3,3,Blocking,58,16.976675,0.637472,16.339203,17.614146,0.177704,0.000566,0.177139,0.178270,2.794046,0.013435,2.780611,2.807480,1.213499,0.012628,1.200871,1.226127,0.411501,0.004344,0.407157,0.415845
12,3,4,Benchmarking,58,16.494969,0.634897,15.860072,17.129866,0.077020,0.000482,0.076537,0.077502,2.790672,0.013349,2.777323,2.804020,1.210014,0.012533,1.197480,1.222547,0.408259,0.004325,0.403934,0.412584
13,1,1,FCFS,58,19.288827,0.827559,18.461268,20.116386,0.082235,0.000484,0.081751,0.082719,2.980876,0.014191,2.966686,2.995067,0.812847,0.013267,0.799579,0.826114,0.446023,0.005450,0.440573,0.451473
13,1,2,Bailey-Welch,58,19.945325,0.829977,19.115348,20.775302,0.174850,0.000835,0.174016,0.175685,2.909275,0.014132,2.895142,2.923407,0.762473,0.013321,0.749151,0.775794,0.441975,0.005447,0.436528,0.447422
13,1,3,Blocking,58,19.832532,0.829383,19.003148,20.661915,0.183068,0.000628,0.182441,0.183696,2.983053,0.014301,2.968752,2.997353,0.806044,0.013316,0.792728,0.819361,0.449501,0.005469,0.444032,0.454970
13,1,4,Benchmarking,58,19.363168,0.832928,18.530240,20.196096,0.083018,0.000481,0.082537,0.083498,2.964487,0.014179,2.950308,2.978666,0.803079,0.013256,0.789823,0.816335,0.444644,0.005474,0.439170,0.450119
13,2,1,FCFS,58,18.787904,0.830484,17.957419,19.618388,0.079227,0.000496,0.078731,0.079724,2.573817,0.014181,2.559636,2.587998,1.117760,0.013376,1.104384,1.131136,0.397812,0.005580,0.392232,0.403393
13,2,2,Bailey-Welch,58,19.421195,0.827732,18.593463,20.248927,0.179464,0.000800,0.178664,0.180264,2.516855,0.014228,2.502627,2.531084,1.067003,0.013456,1.053547,1.080458,0.395253,0.005561,0.389692,0.400814
13,2,3,Blocking,58,19.380211,0.827298,18.552914,20.207509,0.179813,0.000568,0.179246,0.180381,2.633547,0.014207,2.619340,2.647754,1.108841,0.013396,1.095445,1.122238,0.407975,0.005558,0.402416,0.413533
13,2,4,Benchmarking,58,18.861614,0.833637,18.027977,19.695250,0.080558,0.000489,0.080069,0.081047,2.558363,0.014176,2.544188,2.572539,1.105692,0.013382,1.092310,1.119074,0.396534,0.005590,0.390944,0.402124
13,3,1,FCFS,58,18.670057,0.829350,17.840708,19.499407,0.076580,0.000529,0.076050,0.077109,2.642933,0.013350,2.629583,2.656283,1.195273,0.012588,1.182685,1.207861,0.404791,0.005356,0.399434,0.410147
13,3,2,Bailey-Welch,58,19.291136,0.827367,18.463768,20.118503,0.170494,0.000852,0.169642,0.171345,2.586201,0.013336,2.572865,2.599537,1.140914,0.012661,1.128254,1.153575,0.402184,0.005343,0.396841,0.407527
13,3,3,Blocking,58,19.225609,0.832179,18.393431,20.057788,0.178020,0.000569,0.177451,0.178589,2.631440,0.013398,2.618042,2.644837,1.187440,0.012676,1.174764,1.200117,0.406820,0.005368,0.401453,0.412188
13,3,4,Benchmarking,58,18.739925,0.832363,17.907562,19.572288,0.077974,0.000521,0.077453,0.078495,2.627831,0.013399,2.614432,2.641230,1.183266,0.012636,1.170630,1.195902,0.403528,0.005371,0.398157,0.408899
14,1,1,FCFS,58,22.574555,1.173395,21.401160,23.747950,0.082578,0.000527,0.082051,0.083106,2.851101,0.014141,2.836960,2.865242,0.800763,0.013277,0.787485,0.814040,0.451161,0.007382,0.443780,0.458543
14,1,2,Bailey-Welch,58,23.253309,1.179793,22.073516,24.433102,0.176367,0.000807,0.175560,0.177174,2.780040,0.014124,2.765916,2.794164,0.750530,0.013319,0.737212,0.763849,0.447306,0.007413,0.439892,0.454719
14,1,3,Blocking,58,23.138538,1.179731,21.958807,24.318269,0.182215,0.000622,0.181593,0.182837,2.839476,0.014171,2.825305,2.853646,0.794245,0.013313,0.780932,0.807558,0.453227,0.007422,0.445804,0.460649
14,1,4,Benchmarking,58,22.661690,1.183817,21.477874,23.845507,0.083351,0.000525,0.082825,0.083876,2.834610,0.014161,2.820449,2.848771,0.791062,0.013281,0.777781,0.804343,0.449848,0.007438,0.442409,0.457286
14,2,1,FCFS,58,22.071683,1.176759,20.894924,23.248441,0.078367,0.000508,0.077859,0.078875,2.448536,0.013798,2.434738,2.462334,1.103977,0.013393,1.090584,1.117370,0.403439,0.007443,0.395996,0.410881
14,2,2,Bailey-Welch,58,22.721240,1.176531,21.544709,23.897772,0.175863,0.000811,0.175052,0.176675,2.390659,0.013849,2.376809,2.404508,1.052312,0.013443,1.038869,1.065755,0.400874,0.007448,0.393426,0.408322
14,2,3,Blocking,58,22.668002,1.173002,21.494999,23.841004,0.178095,0.000595,0.177499,0.178690,2.529811,0.013727,2.516084,2.543538,1.095671,0.013470,1.082201,1.109141,0.416019,0.007424,0.408595,0.423442
14,2,4,Benchmarking,58,22.150453,1.184529,20.965924,23.334982,0.079674,0.000507,0.079167,0.080181,2.432833,0.013820,2.419013,2.446653,1.091842,0.013408,1.078434,1.105250,0.402163,0.007481,0.394682,0.409644
14,3,1,FCFS,58,21.944023,1.177591,20.766431,23.121614,0.077028,0.000564,0.076464,0.077592,2.482759,0.013094,2.469665,2.495853,1.168549,0.012580,1.155968,1.181129,0.406481,0.007349,0.399132,0.413830
14,3,2,Bailey-Welch,58,22.570114,1.174845,21.395269,23.744958,0.177296,0.000914,0.176381,0.178210,2.429683,0.013171,2.416512,2.442854,1.117336,0.012610,1.104726,1.129946,0.404311,0.007340,0.396971,0.411651
14,3,3,Blocking,58,22.498356,1.180701,21.317654,23.679057,0.177944,0.000646,0.177298,0.178591,2.471306,0.013164,2.458142,2.484470,1.160651,0.012598,1.148053,1.173249,0.408508,0.007364,0.401144,0.415873
14,3,4,Benchmarking,58,22.019382,1.183854,20.835528,23.203236,0.078553,0.000567,0.077986,0.079121,2.467608,0.013123,2.454485,2.480730,1.156446,0.012591,1.143854,1.169037,0.405246,0.007379,0.397867,0.412626
15,1,1,FCFS,58,28.046326,1.903934,26.142391,29.950260,0.082938,0.000489,0.082449,0.083427,2.703986,0.013517,2.690469,2.717503,0.649870,0.011492,0.638379,0.661362,0.467385,0.011559,0.455826,0.478945
15,1,2,Bailey-Welch,58,28.726496,1.913115,26.813381,30.639610,0.177709,0.000890,0.176819,0.178599,2.630473,0.013439,2.617034,2.643912,0.598934,0.011643,0.587291,0.610577,0.463266,0.011592,0.451674,0.474858
15,1,3,Blocking,58,28.663051,1.911644,26.751407,30.574694,0.183794,0.000590,0.183204,0.184384,2.691686,0.013574,2.678112,2.705259,0.643497,0.011551,0.631947,0.655048,0.469690,0.011595,0.458095,0.481284
15,1,4,Benchmarking,58,28.128843,1.917064,26.211778,30.045907,0.083738,0.000499,0.083239,0.084237,2.686772,0.013488,2.673284,2.700261,0.639983,0.011508,0.628476,0.651491,0.465964,0.011623,0.454341,0.477587
15,2,1,FCFS,58,27.367770,1.899572,25.468198,29.267342,0.077458,0.000483,0.076976,0.077941,2.313707,0.013211,2.300496,2.326918,1.010560,0.012477,0.998083,1.023037,0.419982,0.011564,0.408418,0.431546
15,2,2,Bailey-Welch,58,28.008759,1.896321,26.112438,29.905081,0.173186,0.000699,0.172487,0.173885,2.254069,0.013166,2.240903,2.267235,0.958083,0.012530,0.945554,0.970613,0.417171,0.011540,0.405631,0.428711
15,2,3,Blocking,58,27.997531,1.897526,26.100005,29.895057,0.178612,0.000534,0.178078,0.179146,2.395096,0.013195,2.381901,2.408292,1.002089,0.012589,0.989500,1.014678,0.432774,0.011578,0.421196,0.444352
15,2,4,Benchmarking,58,27.452498,1.913039,25.539459,29.365537,0.078750,0.000488,0.078262,0.079238,2.297470,0.013227,2.284243,2.310697,0.998173,0.012492,0.985681,1.010664,0.418682,0.011633,0.407049,0.430316
15,3,1,FCFS,58,27.342996,1.905066,25.437930,29.248061,0.076661,0.000546,0.076115,0.077207,2.262900,0.012555,2.250345,2.275455,0.970717,0.011490,0.959227,0.982207,0.414189,0.011516,0.402673,0.425705
15,3,2,Bailey-Welch,58,27.960521,1.903680,26.056841,29.864201,0.178011,0.000836,0.177175,0.178846,2.207394,0.012723,2.194671,2.220117,0.918864,0.011638,0.907226,0.930501,0.411698,0.011510,0.400187,0.423208
15,3,3,Blocking,58,27.913565,1.908916,26.004649,29.822481,0.178781,0.000585,0.178196,0.179367,2.250976,0.012657,2.238319,2.263633,0.962792,0.011601,0.951191,0.974393,0.416261,0.011538,0.404723,0.427799
15,3,4,Benchmarking,58,27.408560,1.914695,25.493865,29.323256,0.078241,0.000543,0.077698,0.078784,2.247007,0.012600,2.234407,2.259607,0.958437,0.011524,0.946913,0.969961,0.412814,0.011570,0.401244,0.424383
16,1,1,FCFS,58,36.878524,3.470209,33.408314,40.348733,0.083413,0.000492,0.082922,0.083905,2.562530,0.012665,2.549866,2.575195,0.505919,0.009817,0.496102,0.515736,0.504241,0.020628,0.483613,0.524869
16,1,2,Bailey-Welch,58,37.563845,3.476772,34.087073,41.040617,0.179069,0.000858,0.178212,0.179927,2.486735,0.012599,2.474136,2.499334,0.454319,0.010016,0.444304,0.464335,0.499898,0.020645,0.479253,0.520543
16,1,3,Blocking,58,37.510945,3.481294,34.029651,40.992238,0.185274,0.000582,0.184692,0.185856,2.549124,0.012680,2.536445,2.561804,0.499182,0.009913,0.489269,0.509095,0.506515,0.020673,0.485842,0.527188
16,1,4,Benchmarking,58,36.967669,3.488104,33.479566,40.455773,0.084200,0.000499,0.083700,0.084699,2.544745,0.012684,2.532061,2.557429,0.496008,0.009837,0.486171,0.505844,0.502795,0.020722,0.482073,0.523517
16,2,1,FCFS,58,36.209884,3.467729,32.742155,39.677613,0.076733,0.000462,0.076271,0.077195,2.176939,0.012758,2.164181,2.189697,0.916271,0.012314,0.903957,0.928586,0.457417,0.020559,0.436858,0.477976
16,2,2,Bailey-Welch,58,36.857277,3.465802,33.391475,40.323079,0.170441,0.000725,0.169715,0.171166,2.115751,0.012721,2.103030,2.128472,0.863558,0.012418,0.851140,0.875975,0.454472,0.020545,0.433927,0.475017
16,2,3,Blocking,58,36.836987,3.462029,33.374958,40.299016,0.179068,0.000559,0.178509,0.179627,2.257852,0.012528,2.245325,2.270380,0.907364,0.012324,0.895041,0.919688,0.470140,0.020547,0.449593,0.490687
16,2,4,Benchmarking,58,36.295189,3.485862,32.809327,39.781050,0.078041,0.000477,0.077564,0.078519,2.160393,0.012761,2.147633,2.173154,0.903994,0.012311,0.891683,0.916305,0.456086,0.020665,0.435421,0.476752
16,3,1,FCFS,58,36.167777,3.471147,32.696630,39.638924,0.076673,0.000488,0.076186,0.077161,2.047200,0.013028,2.034173,2.060228,0.776232,0.011776,0.764455,0.788008,0.442751,0.020649,0.422102,0.463400
16,3,2,Bailey-Welch,58,36.785650,3.465076,33.320575,40.250726,0.178821,0.000853,0.177967,0.179674,1.988967,0.013105,1.975862,2.002072,0.723894,0.011927,0.711967,0.735822,0.439959,0.020606,0.419353,0.460564
16,3,3,Blocking,58,36.745179,3.470903,33.274276,40.216082,0.179870,0.000595,0.179275,0.180465,2.034323,0.013073,2.021251,2.047396,0.768019,0.011825,0.756193,0.779844,0.444757,0.020643,0.424114,0.465400
16,3,4,Benchmarking,58,36.238954,3.481687,32.757267,39.720641,0.078230,0.000492,0.077738,0.078722,2.030546,0.013074,2.017471,2.043620,0.764040,0.011802,0.752238,0.775841,0.441324,0.020706,0.420618,0.462030
17,1,1,FCFS,58,56.888053,7.090344,49.797709,63.978397,0.083704,0.000461,0.083243,0.084166,2.534126,0.012270,2.521856,2.546396,0.480211,0.010088,0.470123,0.490299,0.620189,0.042058,0.578130,0.662247
17,1,2,Bailey-Welch,58,57.542490,7.080194,50.462296,64.622685,0.180759,0.000869,0.179890,0.181628,2.457676,0.012243,2.445432,2.469919,0.432489,0.010074,0.422416,0.442563,0.615590,0.041990,0.573600,0.657580
17,1,3,Blocking,58,57.529940,7.090741,50.439199,64.620681,0.186709,0.000558,0.186151,0.187266,2.520240,0.012352,2.507888,2.532593,0.473649,0.010136,0.463513,0.483785,0.622467,0.042053,0.580414,0.664519
17,1,4,Benchmarking,58,56.993274,7.097357,49.895917,64.090630,0.084460,0.000457,0.084003,0.084918,2.516044,0.012283,2.503761,2.528327,0.470992,0.010075,0.460917,0.481068,0.618806,0.042090,0.576716,0.660896
17,2,1,FCFS,58,56.162472,7.081723,49.080749,63.244195,0.076072,0.000481,0.075591,0.076552,2.106388,0.012360,2.094028,2.118749,0.902136,0.012369,0.889767,0.914505,0.568344,0.042028,0.526316,0.610372
17,2,2,Bailey-Welch,58,56.794958,7.083169,49.711789,63.878127,0.171862,0.000715,0.171147,0.172577,2.047480,0.012425,2.035054,2.059905,0.851085,0.012451,0.838635,0.863536,0.565563,0.042028,0.523535,0.607591
17,2,3,Blocking,58,56.760882,7.069288,49.691594,63.830169,0.179725,0.000515,0.179210,0.180240,2.192776,0.012130,2.180646,2.204906,0.893068,0.012303,0.880765,0.905371,0.581504,0.041990,0.539514,0.623494
17,2,4,Benchmarking,58,56.256507,7.091131,49.165376,63.347638,0.077492,0.000495,0.076997,0.077987,2.089897,0.012366,2.077531,2.102262,0.889972,0.012348,0.877623,0.902320,0.567071,0.042079,0.524992,0.609150
17,3,1,FCFS,58,56.163818,7.081014,49.082803,63.244832,0.076460,0.000519,0.075941,0.076979,1.985475,0.012963,1.972512,1.998439,0.750131,0.011877,0.738253,0.762008,0.554917,0.041992,0.512925,0.596908
17,3,2,Bailey-Welch,58,56.778936,7.068222,49.710713,63.847158,0.179584,0.000823,0.178761,0.180408,1.927458,0.012975,1.914483,1.940433,0.699644,0.011976,0.687668,0.711620,0.552132,0.041910,0.510221,0.594042
17,3,3,Blocking,58,56.749013,7.075831,49.673182,63.824844,0.180709,0.000557,0.180152,0.181266,1.972493,0.012918,1.959576,1.985411,0.741398,0.011853,0.729545,0.753252,0.556958,0.041953,0.515004,0.598911
17,3,4,Benchmarking,58,56.250870,7.086414,49.164456,63.337285,0.077970,0.000517,0.077453,0.078488,1.968717,0.012979,1.955738,1.981696,0.737982,0.011886,0.726096,0.749868,0.553573,0.042021,0.511552,0.595593
18,1,1,FCFS,58,155.373248,32.649863,122.723385,188.023111,0.083986,0.000487,0.083499,0.084473,2.506218,0.012407,2.493811,2.518626,0.453833,0.010039,0.443794,0.463872,1.203309,0.194119,1.009190,1.397429
18,1,2,Bailey-Welch,58,155.975416,32.623079,123.352337,188.598495,0.182997,0.000921,0.182076,0.183918,2.429274,0.012295,2.416979,2.441569,0.410843,0.009998,0.400845,0.420841,1.198344,0.193960,1.004384,1.392305
18,1,3,Blocking,58,156.015407,32.634712,123.380694,188.650119,0.188264,0.000578,0.187686,0.188842,2.492130,0.012558,2.479572,2.504687,0.447832,0.009996,0.437835,0.457828,1.205566,0.194028,1.011538,1.399595
18,1,4,Benchmarking,58,155.469884,32.637543,122.832341,188.107427,0.084748,0.000503,0.084246,0.085251,2.487796,0.012390,2.475406,2.500187,0.445304,0.010032,0.435272,0.455336,1.201838,0.194043,1.007795,1.395881
18,2,1,FCFS,58,154.275787,32.596971,121.678816,186.872758,0.075006,0.000494,0.074513,0.075500,2.036505,0.012257,2.024249,2.048762,0.887089,0.012439,0.874650,0.899528,1.144587,0.193712,0.950874,1.338299
18,2,2,Bailey-Welch,58,154.946339,32.569333,122.377005,187.515672,0.172363,0.000801,0.171563,0.173164,1.979456,0.012313,1.967143,1.991769,0.837372,0.012447,0.824924,0.849819,1.142239,0.193543,0.948696,1.335782
18,2,3,Blocking,58,155.152577,32.621783,122.530794,187.774359,0.179862,0.000517,0.179345,0.180378,2.128315,0.012074,2.116242,2.140389,0.877444,0.012338,0.865106,0.889782,1.160007,0.193871,0.966136,1.353877
18,2,4,Benchmarking,58,154.357347,32.586997,121.770350,186.944345,0.076499,0.000489,0.076010,0.076988,2.020139,0.012259,2.007879,2.032398,0.874883,0.012421,0.862462,0.887304,1.143254,0.193651,0.949603,1.336905
18,3,1,FCFS,58,154.367179,32.581393,121.785786,186.948571,0.075875,0.000488,0.075387,0.076363,1.924207,0.013281,1.910926,1.937487,0.723240,0.011976,0.711265,0.735216,1.132653,0.193600,0.939053,1.326253
18,3,2,Bailey-Welch,58,154.981471,32.559410,122.422061,187.540881,0.180195,0.000808,0.179387,0.181003,1.866620,0.013230,1.853390,1.879850,0.675227,0.011990,0.663237,0.687217,1.129911,0.193470,0.936441,1.323381
18,3,3,Blocking,58,155.039692,32.569312,122.470379,187.609004,0.181443,0.000534,0.180909,0.181977,1.910904,0.013247,1.897657,1.924151,0.714083,0.011934,0.702150,0.726017,1.135178,0.193517,0.941661,1.328695
18,3,4,Benchmarking,58,154.427039,32.572373,121.854665,186.999412,0.077364,0.000488,0.076876,0.077852,1.907263,0.013269,1.893995,1.920532,0.711146,0.011962,0.699184,0.723108,1.131127,0.193545,0.937582,1.324672
19,1,1,FCFS,58,1109.729929,161.352202,948.377726,1271.082131,0.084114,0.000458,0.083656,0.084572,2.476733,0.012327,2.464407,2.489060,0.427067,0.009935,0.417132,0.437002,6.880728,0.960224,5.920504,7.840952
19,1,2,Bailey-Welch,58,1110.672222,161.353949,949.318274,1272.026171,0.184570,0.000645,0.183925,0.185214,2.399546,0.012249,2.387297,2.411795,0.388644,0.009880,0.378764,0.398523,6.877760,0.960219,5.917541,7.837979
19,1,3,Blocking,58,1110.770086,161.359523,949.410562,1272.129609,0.189465,0.000461,0.189004,0.189926,2.461825,0.012427,2.449398,2.474252,0.421211,0.009892,0.411320,0.431103,6.885263,0.960260,5.925003,7.845522
19,1,4,Benchmarking,58,1109.708077,161.351387,948.356691,1271.059464,0.084905,0.000456,0.084449,0.085361,2.458248,0.012307,2.445941,2.470554,0.419481,0.009916,0.409565,0.429397,6.878544,0.960218,5.918326,7.838762
19,2,1,FCFS,58,1109.834369,161.387088,948.447281,1271.221457,0.073936,0.000494,0.073442,0.074429,1.964056,0.011716,1.952340,1.975773,0.872566,0.012117,0.860449,0.884683,6.824385,0.960598,5.863788,7.784983
19,2,2,Bailey-Welch,58,1109.713055,161.355909,948.357146,1271.068964,0.173204,0.000863,0.172341,0.174067,1.909564,0.011652,1.897913,1.921216,0.824519,0.012190,0.812329,0.836709,6.817609,0.960411,5.857198,7.778019
19,2,3,Blocking,58,1110.867375,161.389011,949.478364,1272.256386,0.180083,0.000510,0.179573,0.180592,2.061675,0.011549,2.050126,2.073224,0.862382,0.012044,0.850338,0.874426,6.841381,0.960619,5.880762,7.802000
19,2,4,Benchmarking,58,1109.811746,161.386407,948.425339,1271.198154,0.075537,0.000496,0.075040,0.076033,1.947765,0.011728,1.936037,1.959493,0.860286,0.012105,0.848181,0.872391,6.822441,0.960594,5.861847,7.783034
19,3,1,FCFS,58,1109.801527,161.386866,948.414661,1271.188392,0.075342,0.000497,0.074845,0.075839,1.861387,0.013166,1.848221,1.874553,0.696486,0.011790,0.684696,0.708276,6.812782,0.960495,5.852287,7.773277
19,3,2,Bailey-Welch,58,1110.747932,161.387225,949.360707,1272.135158,0.180738,0.000869,0.179869,0.181608,1.804575,0.013178,1.791397,1.817753,0.650816,0.011820,0.638996,0.662636,6.812103,0.960486,5.851618,7.772589
19,3,3,Blocking,58,1110.857502,161.388827,949.468675,1272.246329,0.181925,0.000506,0.181418,0.182431,1.847622,0.013156,1.834466,1.860778,0.686815,0.011750,0.675065,0.698566,6.817538,0.960500,5.857038,7.778038
19,3,4,Benchmarking,58,1109.778927,161.386185,948.392741,1271.165112,0.076876,0.000498,0.076378,0.077375,1.844351,0.013160,1.831191,1.857512,0.684403,0.011779,0.672625,0.696182,6.810755,0.960491,5.850263,7.771246
20,1,1,FCFS,58,3218.591535,485.437425,2733.154110,3704.028960,0.083833,0.000429,0.083404,0.084262,2.445311,0.012215,2.433096,2.457527,0.399608,0.009855,0.389753,0.409464,19.429984,2.889314,16.540670,22.319299
20,1,2,Bailey-Welch,58,3219.525013,485.443320,2734.081693,3704.968332,0.184312,0.000706,0.183606,0.185018,2.369006,0.012278,2.356728,2.381283,0.366445,0.009838,0.356607,0.376284,19.427062,2.889351,16.537711,22.316413
20,1,3,Blocking,58,3219.639177,485.443367,2734.195810,3705.082543,0.190116,0.000444,0.189672,0.190560,2.430627,0.012283,2.418344,2.442910,0.394526,0.009843,0.384683,0.404369,19.434589,2.889358,16.545231,22.323946
20,1,4,Benchmarking,58,3218.566536,485.437425,2733.129111,3704.003960,0.084627,0.000429,0.084198,0.085056,2.427004,0.012237,2.414767,2.439240,0.392965,0.009845,0.383120,0.402811,19.427801,2.889313,16.538488,22.317114
20,2,1,FCFS,58,3217.693388,485.425512,2732.267877,3703.118900,0.072646,0.000544,0.072102,0.073191,1.890862,0.011459,1.879403,1.902321,0.856373,0.012426,0.843947,0.868799,19.363033,2.889411,16.473621,22.252444
20,2,2,Bailey-Welch,58,3218.033550,485.431460,2732.602090,3703.465010,0.173151,0.000857,0.172294,0.174008,1.839705,0.011520,1.828185,1.851225,0.810782,0.012420,0.798362,0.823202,19.359373,2.889455,16.469918,22.248828
20,2,3,Blocking,58,3218.716148,485.431403,2733.284746,3704.147551,0.180006,0.000500,0.179506,0.180507,1.994216,0.011218,1.982998,2.005434,0.846357,0.012470,0.833887,0.858827,19.380604,2.889457,16.491147,22.270062
20,2,4,Benchmarking,58,3217.668389,485.425512,2732.242877,3703.093900,0.074351,0.000549,0.073802,0.074901,1.874837,0.011481,1.863356,1.886317,0.844221,0.012418,0.831802,0.856639,19.361103,2.889413,16.471690,22.250517
20,3,1,FCFS,58,3218.219186,485.431491,2732.787695,3703.650676,0.074525,0.000490,0.074035,0.075015,1.798365,0.012906,1.785459,1.811271,0.668260,0.011975,0.656286,0.680235,19.355885,2.889352,16.466533,22.245237
20,3,2,Bailey-Welch,58,3218.573292,485.431402,2733.141890,3704.004694,0.180327,0.000771,0.179556,0.181098,1.743030,0.012910,1.730120,1.755940,0.626041,0.011867,0.614175,0.637908,19.351844,2.889356,16.462488,22.241201
20,3,3,Blocking,58,3218.687577,485.431403,2733.256175,3704.118980,0.182241,0.000497,0.181744,0.182738,1.784690,0.012811,1.771879,1.797502,0.658652,0.011929,0.646724,0.670581,19.357154,2.889362,16.467792,22.246515
20,3,4,Benchmarking,58,3218.194186,485.431491,2732.762695,3703.625677,0.076078,0.000495,0.075582,0.076573,1.781380,0.012920,1.768461,1.794300,0.656394,0.011982,0.644412,0.668375,19.353849,2.889354,16.464495,22.243203
